<application>
  <component name="DefaultFont">
    <option name="FONT_SIZE" value="14" />
  </component>
  <component name="EditorSettings">
    <option name="USE_SOFT_WRAPS" value="" />
    <option name="IS_ENSURE_NEWLINE_AT_EOF" value="true" />
  </component>
  <component name="InlayHintsSettings">
    <option name="disabledLanguages">
      <set>
        <option value="JAVA" />
      </set>
    </option>
    <option name="lastViewedProviderKeyId" value="chain.hints" />
  </component>
</application>