<application>
  <component name="FileTypeManager" version="18">
    <extensionMap>
      <mapping pattern="result" type="AUTO_DETECTED" />
      <mapping pattern="typescript" type="AUTO_DETECTED" />
      <mapping pattern="LICENSE" type="AUTO_DETECTED" />
      <mapping pattern="errors" type="AUTO_DETECTED" />
      <mapping pattern="errors.txt" type="AUTO_DETECTED" />
      <mapping pattern="results.txt" type="AUTO_DETECTED" />
      <mapping ext="gradle.kts" type="Kotlin" />
      <mapping ext="main.kts" type="Kotlin" />
      <mapping pattern=".env" type="PLAIN_TEXT" />
      <mapping pattern="cacerts" type="PLAIN_TEXT" />
      <mapping ext="logs" type="PLAIN_TEXT" />
      <mapping ext="adoc" type="PLAIN_TEXT" />
      <mapping ext="tar" type="PLAIN_TEXT" />
      <mapping ext="ldif" type="PLAIN_TEXT" />
      <mapping ext="text" type="PLAIN_TEXT" />
      <removed_mapping ext="apk" approved="true" type="ARCHIVE" />
      <removed_mapping ext="psd" approved="true" type="Image" />
    </extensionMap>
  </component>
</application>