<application>
  <component name="ProjectJdkTable">
    <jdk version="2">
      <name value="13" />
      <type value="JavaSDK" />
      <version value="java version &quot;13.0.2&quot;" />
      <homePath value="$USER_HOME$/.sdkman/candidates/java/13.0.2.j9-adpt" />
      <roots>
        <annotationsPath>
          <root type="composite">
            <root url="jar://$APPLICATION_HOME_DIR$/plugins/java/lib/jdkAnnotations.jar!/" type="simple" />
          </root>
        </annotationsPath>
        <classPath>
          <root type="composite">
            <root url="jrt:///Users/nikolaikavtur/.sdkman/candidates/java/13.0.2.j9-adpt!/java.base" type="simple" />
            <root url="jrt:///Users/nikolaikavtur/.sdkman/candidates/java/13.0.2.j9-adpt!/java.compiler" type="simple" />
            <root url="jrt:///Users/nikolaikavtur/.sdkman/candidates/java/13.0.2.j9-adpt!/java.datatransfer" type="simple" />
            <root url="jrt:///Users/nikolaikavtur/.sdkman/candidates/java/13.0.2.j9-adpt!/java.desktop" type="simple" />
            <root url="jrt:///Users/nikolaikavtur/.sdkman/candidates/java/13.0.2.j9-adpt!/java.instrument" type="simple" />
            <root url="jrt:///Users/nikolaikavtur/.sdkman/candidates/java/13.0.2.j9-adpt!/java.logging" type="simple" />
            <root url="jrt:///Users/nikolaikavtur/.sdkman/candidates/java/13.0.2.j9-adpt!/java.management" type="simple" />
            <root url="jrt:///Users/nikolaikavtur/.sdkman/candidates/java/13.0.2.j9-adpt!/java.management.rmi" type="simple" />
            <root url="jrt:///Users/nikolaikavtur/.sdkman/candidates/java/13.0.2.j9-adpt!/java.naming" type="simple" />
            <root url="jrt:///Users/nikolaikavtur/.sdkman/candidates/java/13.0.2.j9-adpt!/java.net.http" type="simple" />
            <root url="jrt:///Users/nikolaikavtur/.sdkman/candidates/java/13.0.2.j9-adpt!/java.prefs" type="simple" />
            <root url="jrt:///Users/nikolaikavtur/.sdkman/candidates/java/13.0.2.j9-adpt!/java.rmi" type="simple" />
            <root url="jrt:///Users/nikolaikavtur/.sdkman/candidates/java/13.0.2.j9-adpt!/java.scripting" type="simple" />
            <root url="jrt:///Users/nikolaikavtur/.sdkman/candidates/java/13.0.2.j9-adpt!/java.se" type="simple" />
            <root url="jrt:///Users/nikolaikavtur/.sdkman/candidates/java/13.0.2.j9-adpt!/java.security.jgss" type="simple" />
            <root url="jrt:///Users/nikolaikavtur/.sdkman/candidates/java/13.0.2.j9-adpt!/java.security.sasl" type="simple" />
            <root url="jrt:///Users/nikolaikavtur/.sdkman/candidates/java/13.0.2.j9-adpt!/java.smartcardio" type="simple" />
            <root url="jrt:///Users/nikolaikavtur/.sdkman/candidates/java/13.0.2.j9-adpt!/java.sql" type="simple" />
            <root url="jrt:///Users/nikolaikavtur/.sdkman/candidates/java/13.0.2.j9-adpt!/java.sql.rowset" type="simple" />
            <root url="jrt:///Users/nikolaikavtur/.sdkman/candidates/java/13.0.2.j9-adpt!/java.transaction.xa" type="simple" />
            <root url="jrt:///Users/nikolaikavtur/.sdkman/candidates/java/13.0.2.j9-adpt!/java.xml" type="simple" />
            <root url="jrt:///Users/nikolaikavtur/.sdkman/candidates/java/13.0.2.j9-adpt!/java.xml.crypto" type="simple" />
            <root url="jrt:///Users/nikolaikavtur/.sdkman/candidates/java/13.0.2.j9-adpt!/jdk.accessibility" type="simple" />
            <root url="jrt:///Users/nikolaikavtur/.sdkman/candidates/java/13.0.2.j9-adpt!/jdk.attach" type="simple" />
            <root url="jrt:///Users/nikolaikavtur/.sdkman/candidates/java/13.0.2.j9-adpt!/jdk.charsets" type="simple" />
            <root url="jrt:///Users/nikolaikavtur/.sdkman/candidates/java/13.0.2.j9-adpt!/jdk.compiler" type="simple" />
            <root url="jrt:///Users/nikolaikavtur/.sdkman/candidates/java/13.0.2.j9-adpt!/jdk.crypto.cryptoki" type="simple" />
            <root url="jrt:///Users/nikolaikavtur/.sdkman/candidates/java/13.0.2.j9-adpt!/jdk.crypto.ec" type="simple" />
            <root url="jrt:///Users/nikolaikavtur/.sdkman/candidates/java/13.0.2.j9-adpt!/jdk.dynalink" type="simple" />
            <root url="jrt:///Users/nikolaikavtur/.sdkman/candidates/java/13.0.2.j9-adpt!/jdk.editpad" type="simple" />
            <root url="jrt:///Users/nikolaikavtur/.sdkman/candidates/java/13.0.2.j9-adpt!/jdk.httpserver" type="simple" />
            <root url="jrt:///Users/nikolaikavtur/.sdkman/candidates/java/13.0.2.j9-adpt!/jdk.internal.ed" type="simple" />
            <root url="jrt:///Users/nikolaikavtur/.sdkman/candidates/java/13.0.2.j9-adpt!/jdk.internal.jvmstat" type="simple" />
            <root url="jrt:///Users/nikolaikavtur/.sdkman/candidates/java/13.0.2.j9-adpt!/jdk.internal.le" type="simple" />
            <root url="jrt:///Users/nikolaikavtur/.sdkman/candidates/java/13.0.2.j9-adpt!/jdk.internal.opt" type="simple" />
            <root url="jrt:///Users/nikolaikavtur/.sdkman/candidates/java/13.0.2.j9-adpt!/jdk.jartool" type="simple" />
            <root url="jrt:///Users/nikolaikavtur/.sdkman/candidates/java/13.0.2.j9-adpt!/jdk.javadoc" type="simple" />
            <root url="jrt:///Users/nikolaikavtur/.sdkman/candidates/java/13.0.2.j9-adpt!/jdk.jcmd" type="simple" />
            <root url="jrt:///Users/nikolaikavtur/.sdkman/candidates/java/13.0.2.j9-adpt!/jdk.jconsole" type="simple" />
            <root url="jrt:///Users/nikolaikavtur/.sdkman/candidates/java/13.0.2.j9-adpt!/jdk.jdeps" type="simple" />
            <root url="jrt:///Users/nikolaikavtur/.sdkman/candidates/java/13.0.2.j9-adpt!/jdk.jdi" type="simple" />
            <root url="jrt:///Users/nikolaikavtur/.sdkman/candidates/java/13.0.2.j9-adpt!/jdk.jdwp.agent" type="simple" />
            <root url="jrt:///Users/nikolaikavtur/.sdkman/candidates/java/13.0.2.j9-adpt!/jdk.jlink" type="simple" />
            <root url="jrt:///Users/nikolaikavtur/.sdkman/candidates/java/13.0.2.j9-adpt!/jdk.jshell" type="simple" />
            <root url="jrt:///Users/nikolaikavtur/.sdkman/candidates/java/13.0.2.j9-adpt!/jdk.jsobject" type="simple" />
            <root url="jrt:///Users/nikolaikavtur/.sdkman/candidates/java/13.0.2.j9-adpt!/jdk.localedata" type="simple" />
            <root url="jrt:///Users/nikolaikavtur/.sdkman/candidates/java/13.0.2.j9-adpt!/jdk.management" type="simple" />
            <root url="jrt:///Users/nikolaikavtur/.sdkman/candidates/java/13.0.2.j9-adpt!/jdk.management.agent" type="simple" />
            <root url="jrt:///Users/nikolaikavtur/.sdkman/candidates/java/13.0.2.j9-adpt!/jdk.naming.dns" type="simple" />
            <root url="jrt:///Users/nikolaikavtur/.sdkman/candidates/java/13.0.2.j9-adpt!/jdk.naming.rmi" type="simple" />
            <root url="jrt:///Users/nikolaikavtur/.sdkman/candidates/java/13.0.2.j9-adpt!/jdk.net" type="simple" />
            <root url="jrt:///Users/nikolaikavtur/.sdkman/candidates/java/13.0.2.j9-adpt!/jdk.pack" type="simple" />
            <root url="jrt:///Users/nikolaikavtur/.sdkman/candidates/java/13.0.2.j9-adpt!/jdk.rmic" type="simple" />
            <root url="jrt:///Users/nikolaikavtur/.sdkman/candidates/java/13.0.2.j9-adpt!/jdk.scripting.nashorn" type="simple" />
            <root url="jrt:///Users/nikolaikavtur/.sdkman/candidates/java/13.0.2.j9-adpt!/jdk.scripting.nashorn.shell" type="simple" />
            <root url="jrt:///Users/nikolaikavtur/.sdkman/candidates/java/13.0.2.j9-adpt!/jdk.sctp" type="simple" />
            <root url="jrt:///Users/nikolaikavtur/.sdkman/candidates/java/13.0.2.j9-adpt!/jdk.security.auth" type="simple" />
            <root url="jrt:///Users/nikolaikavtur/.sdkman/candidates/java/13.0.2.j9-adpt!/jdk.security.jgss" type="simple" />
            <root url="jrt:///Users/nikolaikavtur/.sdkman/candidates/java/13.0.2.j9-adpt!/jdk.unsupported" type="simple" />
            <root url="jrt:///Users/nikolaikavtur/.sdkman/candidates/java/13.0.2.j9-adpt!/jdk.unsupported.desktop" type="simple" />
            <root url="jrt:///Users/nikolaikavtur/.sdkman/candidates/java/13.0.2.j9-adpt!/jdk.xml.dom" type="simple" />
            <root url="jrt:///Users/nikolaikavtur/.sdkman/candidates/java/13.0.2.j9-adpt!/jdk.zipfs" type="simple" />
            <root url="jrt:///Users/nikolaikavtur/.sdkman/candidates/java/13.0.2.j9-adpt!/openj9.cuda" type="simple" />
            <root url="jrt:///Users/nikolaikavtur/.sdkman/candidates/java/13.0.2.j9-adpt!/openj9.dataaccess" type="simple" />
            <root url="jrt:///Users/nikolaikavtur/.sdkman/candidates/java/13.0.2.j9-adpt!/openj9.dtfj" type="simple" />
            <root url="jrt:///Users/nikolaikavtur/.sdkman/candidates/java/13.0.2.j9-adpt!/openj9.dtfjview" type="simple" />
            <root url="jrt:///Users/nikolaikavtur/.sdkman/candidates/java/13.0.2.j9-adpt!/openj9.gpu" type="simple" />
            <root url="jrt:///Users/nikolaikavtur/.sdkman/candidates/java/13.0.2.j9-adpt!/openj9.jvm" type="simple" />
            <root url="jrt:///Users/nikolaikavtur/.sdkman/candidates/java/13.0.2.j9-adpt!/openj9.sharedclasses" type="simple" />
            <root url="jrt:///Users/nikolaikavtur/.sdkman/candidates/java/13.0.2.j9-adpt!/openj9.traceformat" type="simple" />
            <root url="jrt:///Users/nikolaikavtur/.sdkman/candidates/java/13.0.2.j9-adpt!/openj9.zosconditionhandling" type="simple" />
          </root>
        </classPath>
        <javadocPath>
          <root type="composite" />
        </javadocPath>
        <sourcePath>
          <root type="composite">
            <root url="jar://$USER_HOME$/.sdkman/candidates/java/13.0.2.j9-adpt/lib/src.zip!/java.se" type="simple" />
            <root url="jar://$USER_HOME$/.sdkman/candidates/java/13.0.2.j9-adpt/lib/src.zip!/jdk.jdi" type="simple" />
            <root url="jar://$USER_HOME$/.sdkman/candidates/java/13.0.2.j9-adpt/lib/src.zip!/jdk.net" type="simple" />
            <root url="jar://$USER_HOME$/.sdkman/candidates/java/13.0.2.j9-adpt/lib/src.zip!/java.rmi" type="simple" />
            <root url="jar://$USER_HOME$/.sdkman/candidates/java/13.0.2.j9-adpt/lib/src.zip!/java.sql" type="simple" />
            <root url="jar://$USER_HOME$/.sdkman/candidates/java/13.0.2.j9-adpt/lib/src.zip!/java.xml" type="simple" />
            <root url="jar://$USER_HOME$/.sdkman/candidates/java/13.0.2.j9-adpt/lib/src.zip!/jdk.jcmd" type="simple" />
            <root url="jar://$USER_HOME$/.sdkman/candidates/java/13.0.2.j9-adpt/lib/src.zip!/jdk.pack" type="simple" />
            <root url="jar://$USER_HOME$/.sdkman/candidates/java/13.0.2.j9-adpt/lib/src.zip!/jdk.rmic" type="simple" />
            <root url="jar://$USER_HOME$/.sdkman/candidates/java/13.0.2.j9-adpt/lib/src.zip!/jdk.sctp" type="simple" />
            <root url="jar://$USER_HOME$/.sdkman/candidates/java/13.0.2.j9-adpt/lib/src.zip!/java.base" type="simple" />
            <root url="jar://$USER_HOME$/.sdkman/candidates/java/13.0.2.j9-adpt/lib/src.zip!/jdk.jdeps" type="simple" />
            <root url="jar://$USER_HOME$/.sdkman/candidates/java/13.0.2.j9-adpt/lib/src.zip!/jdk.jlink" type="simple" />
            <root url="jar://$USER_HOME$/.sdkman/candidates/java/13.0.2.j9-adpt/lib/src.zip!/jdk.zipfs" type="simple" />
            <root url="jar://$USER_HOME$/.sdkman/candidates/java/13.0.2.j9-adpt/lib/src.zip!/java.prefs" type="simple" />
            <root url="jar://$USER_HOME$/.sdkman/candidates/java/13.0.2.j9-adpt/lib/src.zip!/jdk.attach" type="simple" />
            <root url="jar://$USER_HOME$/.sdkman/candidates/java/13.0.2.j9-adpt/lib/src.zip!/jdk.jshell" type="simple" />
            <root url="jar://$USER_HOME$/.sdkman/candidates/java/13.0.2.j9-adpt/lib/src.zip!/openj9.gpu" type="simple" />
            <root url="jar://$USER_HOME$/.sdkman/candidates/java/13.0.2.j9-adpt/lib/src.zip!/openj9.jvm" type="simple" />
            <root url="jar://$USER_HOME$/.sdkman/candidates/java/13.0.2.j9-adpt/lib/src.zip!/java.naming" type="simple" />
            <root url="jar://$USER_HOME$/.sdkman/candidates/java/13.0.2.j9-adpt/lib/src.zip!/jdk.editpad" type="simple" />
            <root url="jar://$USER_HOME$/.sdkman/candidates/java/13.0.2.j9-adpt/lib/src.zip!/jdk.jartool" type="simple" />
            <root url="jar://$USER_HOME$/.sdkman/candidates/java/13.0.2.j9-adpt/lib/src.zip!/jdk.javadoc" type="simple" />
            <root url="jar://$USER_HOME$/.sdkman/candidates/java/13.0.2.j9-adpt/lib/src.zip!/jdk.xml.dom" type="simple" />
            <root url="jar://$USER_HOME$/.sdkman/candidates/java/13.0.2.j9-adpt/lib/src.zip!/openj9.cuda" type="simple" />
            <root url="jar://$USER_HOME$/.sdkman/candidates/java/13.0.2.j9-adpt/lib/src.zip!/openj9.dtfj" type="simple" />
            <root url="jar://$USER_HOME$/.sdkman/candidates/java/13.0.2.j9-adpt/lib/src.zip!/java.desktop" type="simple" />
            <root url="jar://$USER_HOME$/.sdkman/candidates/java/13.0.2.j9-adpt/lib/src.zip!/java.logging" type="simple" />
            <root url="jar://$USER_HOME$/.sdkman/candidates/java/13.0.2.j9-adpt/lib/src.zip!/jdk.charsets" type="simple" />
            <root url="jar://$USER_HOME$/.sdkman/candidates/java/13.0.2.j9-adpt/lib/src.zip!/jdk.compiler" type="simple" />
            <root url="jar://$USER_HOME$/.sdkman/candidates/java/13.0.2.j9-adpt/lib/src.zip!/jdk.dynalink" type="simple" />
            <root url="jar://$USER_HOME$/.sdkman/candidates/java/13.0.2.j9-adpt/lib/src.zip!/jdk.jconsole" type="simple" />
            <root url="jar://$USER_HOME$/.sdkman/candidates/java/13.0.2.j9-adpt/lib/src.zip!/jdk.jsobject" type="simple" />
            <root url="jar://$USER_HOME$/.sdkman/candidates/java/13.0.2.j9-adpt/lib/src.zip!/java.compiler" type="simple" />
            <root url="jar://$USER_HOME$/.sdkman/candidates/java/13.0.2.j9-adpt/lib/src.zip!/java.net.http" type="simple" />
            <root url="jar://$USER_HOME$/.sdkman/candidates/java/13.0.2.j9-adpt/lib/src.zip!/jdk.crypto.ec" type="simple" />
            <root url="jar://$USER_HOME$/.sdkman/candidates/java/13.0.2.j9-adpt/lib/src.zip!/java.scripting" type="simple" />
            <root url="jar://$USER_HOME$/.sdkman/candidates/java/13.0.2.j9-adpt/lib/src.zip!/jdk.httpserver" type="simple" />
            <root url="jar://$USER_HOME$/.sdkman/candidates/java/13.0.2.j9-adpt/lib/src.zip!/jdk.jdwp.agent" type="simple" />
            <root url="jar://$USER_HOME$/.sdkman/candidates/java/13.0.2.j9-adpt/lib/src.zip!/jdk.localedata" type="simple" />
            <root url="jar://$USER_HOME$/.sdkman/candidates/java/13.0.2.j9-adpt/lib/src.zip!/jdk.management" type="simple" />
            <root url="jar://$USER_HOME$/.sdkman/candidates/java/13.0.2.j9-adpt/lib/src.zip!/jdk.naming.dns" type="simple" />
            <root url="jar://$USER_HOME$/.sdkman/candidates/java/13.0.2.j9-adpt/lib/src.zip!/jdk.naming.rmi" type="simple" />
            <root url="jar://$USER_HOME$/.sdkman/candidates/java/13.0.2.j9-adpt/lib/src.zip!/java.instrument" type="simple" />
            <root url="jar://$USER_HOME$/.sdkman/candidates/java/13.0.2.j9-adpt/lib/src.zip!/java.management" type="simple" />
            <root url="jar://$USER_HOME$/.sdkman/candidates/java/13.0.2.j9-adpt/lib/src.zip!/java.sql.rowset" type="simple" />
            <root url="jar://$USER_HOME$/.sdkman/candidates/java/13.0.2.j9-adpt/lib/src.zip!/java.xml.crypto" type="simple" />
            <root url="jar://$USER_HOME$/.sdkman/candidates/java/13.0.2.j9-adpt/lib/src.zip!/jdk.internal.ed" type="simple" />
            <root url="jar://$USER_HOME$/.sdkman/candidates/java/13.0.2.j9-adpt/lib/src.zip!/jdk.internal.le" type="simple" />
            <root url="jar://$USER_HOME$/.sdkman/candidates/java/13.0.2.j9-adpt/lib/src.zip!/jdk.unsupported" type="simple" />
            <root url="jar://$USER_HOME$/.sdkman/candidates/java/13.0.2.j9-adpt/lib/src.zip!/openj9.dtfjview" type="simple" />
            <root url="jar://$USER_HOME$/.sdkman/candidates/java/13.0.2.j9-adpt/lib/src.zip!/java.smartcardio" type="simple" />
            <root url="jar://$USER_HOME$/.sdkman/candidates/java/13.0.2.j9-adpt/lib/src.zip!/jdk.internal.opt" type="simple" />
            <root url="jar://$USER_HOME$/.sdkman/candidates/java/13.0.2.j9-adpt/lib/src.zip!/java.datatransfer" type="simple" />
            <root url="jar://$USER_HOME$/.sdkman/candidates/java/13.0.2.j9-adpt/lib/src.zip!/jdk.accessibility" type="simple" />
            <root url="jar://$USER_HOME$/.sdkman/candidates/java/13.0.2.j9-adpt/lib/src.zip!/jdk.security.auth" type="simple" />
            <root url="jar://$USER_HOME$/.sdkman/candidates/java/13.0.2.j9-adpt/lib/src.zip!/jdk.security.jgss" type="simple" />
            <root url="jar://$USER_HOME$/.sdkman/candidates/java/13.0.2.j9-adpt/lib/src.zip!/openj9.dataaccess" type="simple" />
            <root url="jar://$USER_HOME$/.sdkman/candidates/java/13.0.2.j9-adpt/lib/src.zip!/java.security.jgss" type="simple" />
            <root url="jar://$USER_HOME$/.sdkman/candidates/java/13.0.2.j9-adpt/lib/src.zip!/java.security.sasl" type="simple" />
            <root url="jar://$USER_HOME$/.sdkman/candidates/java/13.0.2.j9-adpt/lib/src.zip!/openj9.traceformat" type="simple" />
            <root url="jar://$USER_HOME$/.sdkman/candidates/java/13.0.2.j9-adpt/lib/src.zip!/java.management.rmi" type="simple" />
            <root url="jar://$USER_HOME$/.sdkman/candidates/java/13.0.2.j9-adpt/lib/src.zip!/java.transaction.xa" type="simple" />
            <root url="jar://$USER_HOME$/.sdkman/candidates/java/13.0.2.j9-adpt/lib/src.zip!/jdk.crypto.cryptoki" type="simple" />
            <root url="jar://$USER_HOME$/.sdkman/candidates/java/13.0.2.j9-adpt/lib/src.zip!/jdk.internal.jvmstat" type="simple" />
            <root url="jar://$USER_HOME$/.sdkman/candidates/java/13.0.2.j9-adpt/lib/src.zip!/jdk.management.agent" type="simple" />
            <root url="jar://$USER_HOME$/.sdkman/candidates/java/13.0.2.j9-adpt/lib/src.zip!/openj9.sharedclasses" type="simple" />
            <root url="jar://$USER_HOME$/.sdkman/candidates/java/13.0.2.j9-adpt/lib/src.zip!/jdk.scripting.nashorn" type="simple" />
            <root url="jar://$USER_HOME$/.sdkman/candidates/java/13.0.2.j9-adpt/lib/src.zip!/jdk.unsupported.desktop" type="simple" />
            <root url="jar://$USER_HOME$/.sdkman/candidates/java/13.0.2.j9-adpt/lib/src.zip!/jdk.scripting.nashorn.shell" type="simple" />
            <root url="jar://$USER_HOME$/.sdkman/candidates/java/13.0.2.j9-adpt/lib/src.zip!/openj9.zosconditionhandling" type="simple" />
          </root>
        </sourcePath>
      </roots>
      <additional />
    </jdk>
    <jdk version="2">
      <name value="14" />
      <type value="JavaSDK" />
      <version value="java version &quot;14.0.1&quot;" />
      <homePath value="$USER_HOME$/.sdkman/candidates/java/14.0.1.hs-adpt" />
      <roots>
        <annotationsPath>
          <root type="composite">
            <root url="jar://$APPLICATION_HOME_DIR$/plugins/java/lib/jdkAnnotations.jar!/" type="simple" />
          </root>
        </annotationsPath>
        <classPath>
          <root type="composite">
            <root url="jrt:///Users/nikolaikavtur/.sdkman/candidates/java/14.0.1.hs-adpt!/java.base" type="simple" />
            <root url="jrt:///Users/nikolaikavtur/.sdkman/candidates/java/14.0.1.hs-adpt!/java.compiler" type="simple" />
            <root url="jrt:///Users/nikolaikavtur/.sdkman/candidates/java/14.0.1.hs-adpt!/java.datatransfer" type="simple" />
            <root url="jrt:///Users/nikolaikavtur/.sdkman/candidates/java/14.0.1.hs-adpt!/java.desktop" type="simple" />
            <root url="jrt:///Users/nikolaikavtur/.sdkman/candidates/java/14.0.1.hs-adpt!/java.instrument" type="simple" />
            <root url="jrt:///Users/nikolaikavtur/.sdkman/candidates/java/14.0.1.hs-adpt!/java.logging" type="simple" />
            <root url="jrt:///Users/nikolaikavtur/.sdkman/candidates/java/14.0.1.hs-adpt!/java.management" type="simple" />
            <root url="jrt:///Users/nikolaikavtur/.sdkman/candidates/java/14.0.1.hs-adpt!/java.management.rmi" type="simple" />
            <root url="jrt:///Users/nikolaikavtur/.sdkman/candidates/java/14.0.1.hs-adpt!/java.naming" type="simple" />
            <root url="jrt:///Users/nikolaikavtur/.sdkman/candidates/java/14.0.1.hs-adpt!/java.net.http" type="simple" />
            <root url="jrt:///Users/nikolaikavtur/.sdkman/candidates/java/14.0.1.hs-adpt!/java.prefs" type="simple" />
            <root url="jrt:///Users/nikolaikavtur/.sdkman/candidates/java/14.0.1.hs-adpt!/java.rmi" type="simple" />
            <root url="jrt:///Users/nikolaikavtur/.sdkman/candidates/java/14.0.1.hs-adpt!/java.scripting" type="simple" />
            <root url="jrt:///Users/nikolaikavtur/.sdkman/candidates/java/14.0.1.hs-adpt!/java.se" type="simple" />
            <root url="jrt:///Users/nikolaikavtur/.sdkman/candidates/java/14.0.1.hs-adpt!/java.security.jgss" type="simple" />
            <root url="jrt:///Users/nikolaikavtur/.sdkman/candidates/java/14.0.1.hs-adpt!/java.security.sasl" type="simple" />
            <root url="jrt:///Users/nikolaikavtur/.sdkman/candidates/java/14.0.1.hs-adpt!/java.smartcardio" type="simple" />
            <root url="jrt:///Users/nikolaikavtur/.sdkman/candidates/java/14.0.1.hs-adpt!/java.sql" type="simple" />
            <root url="jrt:///Users/nikolaikavtur/.sdkman/candidates/java/14.0.1.hs-adpt!/java.sql.rowset" type="simple" />
            <root url="jrt:///Users/nikolaikavtur/.sdkman/candidates/java/14.0.1.hs-adpt!/java.transaction.xa" type="simple" />
            <root url="jrt:///Users/nikolaikavtur/.sdkman/candidates/java/14.0.1.hs-adpt!/java.xml" type="simple" />
            <root url="jrt:///Users/nikolaikavtur/.sdkman/candidates/java/14.0.1.hs-adpt!/java.xml.crypto" type="simple" />
            <root url="jrt:///Users/nikolaikavtur/.sdkman/candidates/java/14.0.1.hs-adpt!/jdk.accessibility" type="simple" />
            <root url="jrt:///Users/nikolaikavtur/.sdkman/candidates/java/14.0.1.hs-adpt!/jdk.aot" type="simple" />
            <root url="jrt:///Users/nikolaikavtur/.sdkman/candidates/java/14.0.1.hs-adpt!/jdk.attach" type="simple" />
            <root url="jrt:///Users/nikolaikavtur/.sdkman/candidates/java/14.0.1.hs-adpt!/jdk.charsets" type="simple" />
            <root url="jrt:///Users/nikolaikavtur/.sdkman/candidates/java/14.0.1.hs-adpt!/jdk.compiler" type="simple" />
            <root url="jrt:///Users/nikolaikavtur/.sdkman/candidates/java/14.0.1.hs-adpt!/jdk.crypto.cryptoki" type="simple" />
            <root url="jrt:///Users/nikolaikavtur/.sdkman/candidates/java/14.0.1.hs-adpt!/jdk.crypto.ec" type="simple" />
            <root url="jrt:///Users/nikolaikavtur/.sdkman/candidates/java/14.0.1.hs-adpt!/jdk.dynalink" type="simple" />
            <root url="jrt:///Users/nikolaikavtur/.sdkman/candidates/java/14.0.1.hs-adpt!/jdk.editpad" type="simple" />
            <root url="jrt:///Users/nikolaikavtur/.sdkman/candidates/java/14.0.1.hs-adpt!/jdk.hotspot.agent" type="simple" />
            <root url="jrt:///Users/nikolaikavtur/.sdkman/candidates/java/14.0.1.hs-adpt!/jdk.httpserver" type="simple" />
            <root url="jrt:///Users/nikolaikavtur/.sdkman/candidates/java/14.0.1.hs-adpt!/jdk.incubator.foreign" type="simple" />
            <root url="jrt:///Users/nikolaikavtur/.sdkman/candidates/java/14.0.1.hs-adpt!/jdk.incubator.jpackage" type="simple" />
            <root url="jrt:///Users/nikolaikavtur/.sdkman/candidates/java/14.0.1.hs-adpt!/jdk.internal.ed" type="simple" />
            <root url="jrt:///Users/nikolaikavtur/.sdkman/candidates/java/14.0.1.hs-adpt!/jdk.internal.jvmstat" type="simple" />
            <root url="jrt:///Users/nikolaikavtur/.sdkman/candidates/java/14.0.1.hs-adpt!/jdk.internal.le" type="simple" />
            <root url="jrt:///Users/nikolaikavtur/.sdkman/candidates/java/14.0.1.hs-adpt!/jdk.internal.opt" type="simple" />
            <root url="jrt:///Users/nikolaikavtur/.sdkman/candidates/java/14.0.1.hs-adpt!/jdk.internal.vm.ci" type="simple" />
            <root url="jrt:///Users/nikolaikavtur/.sdkman/candidates/java/14.0.1.hs-adpt!/jdk.internal.vm.compiler" type="simple" />
            <root url="jrt:///Users/nikolaikavtur/.sdkman/candidates/java/14.0.1.hs-adpt!/jdk.internal.vm.compiler.management" type="simple" />
            <root url="jrt:///Users/nikolaikavtur/.sdkman/candidates/java/14.0.1.hs-adpt!/jdk.jartool" type="simple" />
            <root url="jrt:///Users/nikolaikavtur/.sdkman/candidates/java/14.0.1.hs-adpt!/jdk.javadoc" type="simple" />
            <root url="jrt:///Users/nikolaikavtur/.sdkman/candidates/java/14.0.1.hs-adpt!/jdk.jcmd" type="simple" />
            <root url="jrt:///Users/nikolaikavtur/.sdkman/candidates/java/14.0.1.hs-adpt!/jdk.jconsole" type="simple" />
            <root url="jrt:///Users/nikolaikavtur/.sdkman/candidates/java/14.0.1.hs-adpt!/jdk.jdeps" type="simple" />
            <root url="jrt:///Users/nikolaikavtur/.sdkman/candidates/java/14.0.1.hs-adpt!/jdk.jdi" type="simple" />
            <root url="jrt:///Users/nikolaikavtur/.sdkman/candidates/java/14.0.1.hs-adpt!/jdk.jdwp.agent" type="simple" />
            <root url="jrt:///Users/nikolaikavtur/.sdkman/candidates/java/14.0.1.hs-adpt!/jdk.jfr" type="simple" />
            <root url="jrt:///Users/nikolaikavtur/.sdkman/candidates/java/14.0.1.hs-adpt!/jdk.jlink" type="simple" />
            <root url="jrt:///Users/nikolaikavtur/.sdkman/candidates/java/14.0.1.hs-adpt!/jdk.jshell" type="simple" />
            <root url="jrt:///Users/nikolaikavtur/.sdkman/candidates/java/14.0.1.hs-adpt!/jdk.jsobject" type="simple" />
            <root url="jrt:///Users/nikolaikavtur/.sdkman/candidates/java/14.0.1.hs-adpt!/jdk.jstatd" type="simple" />
            <root url="jrt:///Users/nikolaikavtur/.sdkman/candidates/java/14.0.1.hs-adpt!/jdk.localedata" type="simple" />
            <root url="jrt:///Users/nikolaikavtur/.sdkman/candidates/java/14.0.1.hs-adpt!/jdk.management" type="simple" />
            <root url="jrt:///Users/nikolaikavtur/.sdkman/candidates/java/14.0.1.hs-adpt!/jdk.management.agent" type="simple" />
            <root url="jrt:///Users/nikolaikavtur/.sdkman/candidates/java/14.0.1.hs-adpt!/jdk.management.jfr" type="simple" />
            <root url="jrt:///Users/nikolaikavtur/.sdkman/candidates/java/14.0.1.hs-adpt!/jdk.naming.dns" type="simple" />
            <root url="jrt:///Users/nikolaikavtur/.sdkman/candidates/java/14.0.1.hs-adpt!/jdk.naming.rmi" type="simple" />
            <root url="jrt:///Users/nikolaikavtur/.sdkman/candidates/java/14.0.1.hs-adpt!/jdk.net" type="simple" />
            <root url="jrt:///Users/nikolaikavtur/.sdkman/candidates/java/14.0.1.hs-adpt!/jdk.nio.mapmode" type="simple" />
            <root url="jrt:///Users/nikolaikavtur/.sdkman/candidates/java/14.0.1.hs-adpt!/jdk.rmic" type="simple" />
            <root url="jrt:///Users/nikolaikavtur/.sdkman/candidates/java/14.0.1.hs-adpt!/jdk.scripting.nashorn" type="simple" />
            <root url="jrt:///Users/nikolaikavtur/.sdkman/candidates/java/14.0.1.hs-adpt!/jdk.scripting.nashorn.shell" type="simple" />
            <root url="jrt:///Users/nikolaikavtur/.sdkman/candidates/java/14.0.1.hs-adpt!/jdk.sctp" type="simple" />
            <root url="jrt:///Users/nikolaikavtur/.sdkman/candidates/java/14.0.1.hs-adpt!/jdk.security.auth" type="simple" />
            <root url="jrt:///Users/nikolaikavtur/.sdkman/candidates/java/14.0.1.hs-adpt!/jdk.security.jgss" type="simple" />
            <root url="jrt:///Users/nikolaikavtur/.sdkman/candidates/java/14.0.1.hs-adpt!/jdk.unsupported" type="simple" />
            <root url="jrt:///Users/nikolaikavtur/.sdkman/candidates/java/14.0.1.hs-adpt!/jdk.unsupported.desktop" type="simple" />
            <root url="jrt:///Users/nikolaikavtur/.sdkman/candidates/java/14.0.1.hs-adpt!/jdk.xml.dom" type="simple" />
            <root url="jrt:///Users/nikolaikavtur/.sdkman/candidates/java/14.0.1.hs-adpt!/jdk.zipfs" type="simple" />
          </root>
        </classPath>
        <javadocPath>
          <root type="composite" />
        </javadocPath>
        <sourcePath>
          <root type="composite">
            <root url="jar://$USER_HOME$/.sdkman/candidates/java/14.0.1.hs-adpt/lib/src.zip!/java.se" type="simple" />
            <root url="jar://$USER_HOME$/.sdkman/candidates/java/14.0.1.hs-adpt/lib/src.zip!/jdk.aot" type="simple" />
            <root url="jar://$USER_HOME$/.sdkman/candidates/java/14.0.1.hs-adpt/lib/src.zip!/jdk.jdi" type="simple" />
            <root url="jar://$USER_HOME$/.sdkman/candidates/java/14.0.1.hs-adpt/lib/src.zip!/jdk.jfr" type="simple" />
            <root url="jar://$USER_HOME$/.sdkman/candidates/java/14.0.1.hs-adpt/lib/src.zip!/jdk.net" type="simple" />
            <root url="jar://$USER_HOME$/.sdkman/candidates/java/14.0.1.hs-adpt/lib/src.zip!/java.rmi" type="simple" />
            <root url="jar://$USER_HOME$/.sdkman/candidates/java/14.0.1.hs-adpt/lib/src.zip!/java.sql" type="simple" />
            <root url="jar://$USER_HOME$/.sdkman/candidates/java/14.0.1.hs-adpt/lib/src.zip!/java.xml" type="simple" />
            <root url="jar://$USER_HOME$/.sdkman/candidates/java/14.0.1.hs-adpt/lib/src.zip!/jdk.jcmd" type="simple" />
            <root url="jar://$USER_HOME$/.sdkman/candidates/java/14.0.1.hs-adpt/lib/src.zip!/jdk.rmic" type="simple" />
            <root url="jar://$USER_HOME$/.sdkman/candidates/java/14.0.1.hs-adpt/lib/src.zip!/jdk.sctp" type="simple" />
            <root url="jar://$USER_HOME$/.sdkman/candidates/java/14.0.1.hs-adpt/lib/src.zip!/java.base" type="simple" />
            <root url="jar://$USER_HOME$/.sdkman/candidates/java/14.0.1.hs-adpt/lib/src.zip!/jdk.jdeps" type="simple" />
            <root url="jar://$USER_HOME$/.sdkman/candidates/java/14.0.1.hs-adpt/lib/src.zip!/jdk.jlink" type="simple" />
            <root url="jar://$USER_HOME$/.sdkman/candidates/java/14.0.1.hs-adpt/lib/src.zip!/jdk.zipfs" type="simple" />
            <root url="jar://$USER_HOME$/.sdkman/candidates/java/14.0.1.hs-adpt/lib/src.zip!/java.prefs" type="simple" />
            <root url="jar://$USER_HOME$/.sdkman/candidates/java/14.0.1.hs-adpt/lib/src.zip!/jdk.attach" type="simple" />
            <root url="jar://$USER_HOME$/.sdkman/candidates/java/14.0.1.hs-adpt/lib/src.zip!/jdk.jshell" type="simple" />
            <root url="jar://$USER_HOME$/.sdkman/candidates/java/14.0.1.hs-adpt/lib/src.zip!/jdk.jstatd" type="simple" />
            <root url="jar://$USER_HOME$/.sdkman/candidates/java/14.0.1.hs-adpt/lib/src.zip!/java.naming" type="simple" />
            <root url="jar://$USER_HOME$/.sdkman/candidates/java/14.0.1.hs-adpt/lib/src.zip!/jdk.editpad" type="simple" />
            <root url="jar://$USER_HOME$/.sdkman/candidates/java/14.0.1.hs-adpt/lib/src.zip!/jdk.jartool" type="simple" />
            <root url="jar://$USER_HOME$/.sdkman/candidates/java/14.0.1.hs-adpt/lib/src.zip!/jdk.javadoc" type="simple" />
            <root url="jar://$USER_HOME$/.sdkman/candidates/java/14.0.1.hs-adpt/lib/src.zip!/jdk.xml.dom" type="simple" />
            <root url="jar://$USER_HOME$/.sdkman/candidates/java/14.0.1.hs-adpt/lib/src.zip!/java.desktop" type="simple" />
            <root url="jar://$USER_HOME$/.sdkman/candidates/java/14.0.1.hs-adpt/lib/src.zip!/java.logging" type="simple" />
            <root url="jar://$USER_HOME$/.sdkman/candidates/java/14.0.1.hs-adpt/lib/src.zip!/jdk.charsets" type="simple" />
            <root url="jar://$USER_HOME$/.sdkman/candidates/java/14.0.1.hs-adpt/lib/src.zip!/jdk.compiler" type="simple" />
            <root url="jar://$USER_HOME$/.sdkman/candidates/java/14.0.1.hs-adpt/lib/src.zip!/jdk.dynalink" type="simple" />
            <root url="jar://$USER_HOME$/.sdkman/candidates/java/14.0.1.hs-adpt/lib/src.zip!/jdk.jconsole" type="simple" />
            <root url="jar://$USER_HOME$/.sdkman/candidates/java/14.0.1.hs-adpt/lib/src.zip!/jdk.jsobject" type="simple" />
            <root url="jar://$USER_HOME$/.sdkman/candidates/java/14.0.1.hs-adpt/lib/src.zip!/java.compiler" type="simple" />
            <root url="jar://$USER_HOME$/.sdkman/candidates/java/14.0.1.hs-adpt/lib/src.zip!/java.net.http" type="simple" />
            <root url="jar://$USER_HOME$/.sdkman/candidates/java/14.0.1.hs-adpt/lib/src.zip!/jdk.crypto.ec" type="simple" />
            <root url="jar://$USER_HOME$/.sdkman/candidates/java/14.0.1.hs-adpt/lib/src.zip!/java.scripting" type="simple" />
            <root url="jar://$USER_HOME$/.sdkman/candidates/java/14.0.1.hs-adpt/lib/src.zip!/jdk.httpserver" type="simple" />
            <root url="jar://$USER_HOME$/.sdkman/candidates/java/14.0.1.hs-adpt/lib/src.zip!/jdk.jdwp.agent" type="simple" />
            <root url="jar://$USER_HOME$/.sdkman/candidates/java/14.0.1.hs-adpt/lib/src.zip!/jdk.localedata" type="simple" />
            <root url="jar://$USER_HOME$/.sdkman/candidates/java/14.0.1.hs-adpt/lib/src.zip!/jdk.management" type="simple" />
            <root url="jar://$USER_HOME$/.sdkman/candidates/java/14.0.1.hs-adpt/lib/src.zip!/jdk.naming.dns" type="simple" />
            <root url="jar://$USER_HOME$/.sdkman/candidates/java/14.0.1.hs-adpt/lib/src.zip!/jdk.naming.rmi" type="simple" />
            <root url="jar://$USER_HOME$/.sdkman/candidates/java/14.0.1.hs-adpt/lib/src.zip!/java.instrument" type="simple" />
            <root url="jar://$USER_HOME$/.sdkman/candidates/java/14.0.1.hs-adpt/lib/src.zip!/java.management" type="simple" />
            <root url="jar://$USER_HOME$/.sdkman/candidates/java/14.0.1.hs-adpt/lib/src.zip!/java.sql.rowset" type="simple" />
            <root url="jar://$USER_HOME$/.sdkman/candidates/java/14.0.1.hs-adpt/lib/src.zip!/java.xml.crypto" type="simple" />
            <root url="jar://$USER_HOME$/.sdkman/candidates/java/14.0.1.hs-adpt/lib/src.zip!/jdk.internal.ed" type="simple" />
            <root url="jar://$USER_HOME$/.sdkman/candidates/java/14.0.1.hs-adpt/lib/src.zip!/jdk.internal.le" type="simple" />
            <root url="jar://$USER_HOME$/.sdkman/candidates/java/14.0.1.hs-adpt/lib/src.zip!/jdk.nio.mapmode" type="simple" />
            <root url="jar://$USER_HOME$/.sdkman/candidates/java/14.0.1.hs-adpt/lib/src.zip!/jdk.unsupported" type="simple" />
            <root url="jar://$USER_HOME$/.sdkman/candidates/java/14.0.1.hs-adpt/lib/src.zip!/java.smartcardio" type="simple" />
            <root url="jar://$USER_HOME$/.sdkman/candidates/java/14.0.1.hs-adpt/lib/src.zip!/jdk.internal.opt" type="simple" />
            <root url="jar://$USER_HOME$/.sdkman/candidates/java/14.0.1.hs-adpt/lib/src.zip!/java.datatransfer" type="simple" />
            <root url="jar://$USER_HOME$/.sdkman/candidates/java/14.0.1.hs-adpt/lib/src.zip!/jdk.accessibility" type="simple" />
            <root url="jar://$USER_HOME$/.sdkman/candidates/java/14.0.1.hs-adpt/lib/src.zip!/jdk.hotspot.agent" type="simple" />
            <root url="jar://$USER_HOME$/.sdkman/candidates/java/14.0.1.hs-adpt/lib/src.zip!/jdk.security.auth" type="simple" />
            <root url="jar://$USER_HOME$/.sdkman/candidates/java/14.0.1.hs-adpt/lib/src.zip!/jdk.security.jgss" type="simple" />
            <root url="jar://$USER_HOME$/.sdkman/candidates/java/14.0.1.hs-adpt/lib/src.zip!/java.security.jgss" type="simple" />
            <root url="jar://$USER_HOME$/.sdkman/candidates/java/14.0.1.hs-adpt/lib/src.zip!/java.security.sasl" type="simple" />
            <root url="jar://$USER_HOME$/.sdkman/candidates/java/14.0.1.hs-adpt/lib/src.zip!/jdk.internal.vm.ci" type="simple" />
            <root url="jar://$USER_HOME$/.sdkman/candidates/java/14.0.1.hs-adpt/lib/src.zip!/jdk.management.jfr" type="simple" />
            <root url="jar://$USER_HOME$/.sdkman/candidates/java/14.0.1.hs-adpt/lib/src.zip!/java.management.rmi" type="simple" />
            <root url="jar://$USER_HOME$/.sdkman/candidates/java/14.0.1.hs-adpt/lib/src.zip!/java.transaction.xa" type="simple" />
            <root url="jar://$USER_HOME$/.sdkman/candidates/java/14.0.1.hs-adpt/lib/src.zip!/jdk.crypto.cryptoki" type="simple" />
            <root url="jar://$USER_HOME$/.sdkman/candidates/java/14.0.1.hs-adpt/lib/src.zip!/jdk.internal.jvmstat" type="simple" />
            <root url="jar://$USER_HOME$/.sdkman/candidates/java/14.0.1.hs-adpt/lib/src.zip!/jdk.management.agent" type="simple" />
            <root url="jar://$USER_HOME$/.sdkman/candidates/java/14.0.1.hs-adpt/lib/src.zip!/jdk.incubator.foreign" type="simple" />
            <root url="jar://$USER_HOME$/.sdkman/candidates/java/14.0.1.hs-adpt/lib/src.zip!/jdk.scripting.nashorn" type="simple" />
            <root url="jar://$USER_HOME$/.sdkman/candidates/java/14.0.1.hs-adpt/lib/src.zip!/jdk.incubator.jpackage" type="simple" />
            <root url="jar://$USER_HOME$/.sdkman/candidates/java/14.0.1.hs-adpt/lib/src.zip!/jdk.unsupported.desktop" type="simple" />
            <root url="jar://$USER_HOME$/.sdkman/candidates/java/14.0.1.hs-adpt/lib/src.zip!/jdk.internal.vm.compiler" type="simple" />
            <root url="jar://$USER_HOME$/.sdkman/candidates/java/14.0.1.hs-adpt/lib/src.zip!/jdk.scripting.nashorn.shell" type="simple" />
            <root url="jar://$USER_HOME$/.sdkman/candidates/java/14.0.1.hs-adpt/lib/src.zip!/jdk.internal.vm.compiler.management" type="simple" />
          </root>
        </sourcePath>
      </roots>
      <additional />
    </jdk>
    <jdk version="2">
      <name value="1.8" />
      <type value="JavaSDK" />
      <version value="java version &quot;1.8.0_252&quot;" />
      <homePath value="$USER_HOME$/.sdkman/candidates/java/8.0.252.hs-adpt" />
      <roots>
        <annotationsPath>
          <root type="composite">
            <root url="jar://$APPLICATION_HOME_DIR$/plugins/java/lib/jdkAnnotations.jar!/" type="simple" />
          </root>
        </annotationsPath>
        <classPath>
          <root type="composite">
            <root url="jar://$USER_HOME$/.sdkman/candidates/java/8.0.252.hs-adpt/jre/lib/charsets.jar!/" type="simple" />
            <root url="jar://$USER_HOME$/.sdkman/candidates/java/8.0.252.hs-adpt/jre/lib/ext/cldrdata.jar!/" type="simple" />
            <root url="jar://$USER_HOME$/.sdkman/candidates/java/8.0.252.hs-adpt/jre/lib/ext/dnsns.jar!/" type="simple" />
            <root url="jar://$USER_HOME$/.sdkman/candidates/java/8.0.252.hs-adpt/jre/lib/ext/jaccess.jar!/" type="simple" />
            <root url="jar://$USER_HOME$/.sdkman/candidates/java/8.0.252.hs-adpt/jre/lib/ext/localedata.jar!/" type="simple" />
            <root url="jar://$USER_HOME$/.sdkman/candidates/java/8.0.252.hs-adpt/jre/lib/ext/nashorn.jar!/" type="simple" />
            <root url="jar://$USER_HOME$/.sdkman/candidates/java/8.0.252.hs-adpt/jre/lib/ext/sunec.jar!/" type="simple" />
            <root url="jar://$USER_HOME$/.sdkman/candidates/java/8.0.252.hs-adpt/jre/lib/ext/sunjce_provider.jar!/" type="simple" />
            <root url="jar://$USER_HOME$/.sdkman/candidates/java/8.0.252.hs-adpt/jre/lib/ext/sunpkcs11.jar!/" type="simple" />
            <root url="jar://$USER_HOME$/.sdkman/candidates/java/8.0.252.hs-adpt/jre/lib/ext/zipfs.jar!/" type="simple" />
            <root url="jar://$USER_HOME$/.sdkman/candidates/java/8.0.252.hs-adpt/jre/lib/jce.jar!/" type="simple" />
            <root url="jar://$USER_HOME$/.sdkman/candidates/java/8.0.252.hs-adpt/jre/lib/jsse.jar!/" type="simple" />
            <root url="jar://$USER_HOME$/.sdkman/candidates/java/8.0.252.hs-adpt/jre/lib/management-agent.jar!/" type="simple" />
            <root url="jar://$USER_HOME$/.sdkman/candidates/java/8.0.252.hs-adpt/jre/lib/resources.jar!/" type="simple" />
            <root url="jar://$USER_HOME$/.sdkman/candidates/java/8.0.252.hs-adpt/jre/lib/rt.jar!/" type="simple" />
            <root url="jar://$USER_HOME$/.sdkman/candidates/java/8.0.252.hs-adpt/lib/dt.jar!/" type="simple" />
            <root url="jar://$USER_HOME$/.sdkman/candidates/java/8.0.252.hs-adpt/lib/jconsole.jar!/" type="simple" />
            <root url="jar://$USER_HOME$/.sdkman/candidates/java/8.0.252.hs-adpt/lib/sa-jdi.jar!/" type="simple" />
            <root url="jar://$USER_HOME$/.sdkman/candidates/java/8.0.252.hs-adpt/lib/tools.jar!/" type="simple" />
          </root>
        </classPath>
        <javadocPath>
          <root type="composite" />
        </javadocPath>
        <sourcePath>
          <root type="composite">
            <root url="jar://$USER_HOME$/.sdkman/candidates/java/8.0.252.hs-adpt/src.zip!/" type="simple" />
          </root>
        </sourcePath>
      </roots>
      <additional />
    </jdk>
    <jdk version="2">
      <name value="11" />
      <type value="JavaSDK" />
      <version value="java version &quot;11.0.7&quot;" />
      <homePath value="$USER_HOME$/.sdkman/candidates/java/11.0.7.hs-adpt" />
      <roots>
        <annotationsPath>
          <root type="composite">
            <root url="jar://$APPLICATION_HOME_DIR$/plugins/java/lib/jdkAnnotations.jar!/" type="simple" />
          </root>
        </annotationsPath>
        <classPath>
          <root type="composite">
            <root url="jrt:///Users/nikolaikavtur/.sdkman/candidates/java/11.0.7.hs-adpt!/java.base" type="simple" />
            <root url="jrt:///Users/nikolaikavtur/.sdkman/candidates/java/11.0.7.hs-adpt!/java.compiler" type="simple" />
            <root url="jrt:///Users/nikolaikavtur/.sdkman/candidates/java/11.0.7.hs-adpt!/java.datatransfer" type="simple" />
            <root url="jrt:///Users/nikolaikavtur/.sdkman/candidates/java/11.0.7.hs-adpt!/java.desktop" type="simple" />
            <root url="jrt:///Users/nikolaikavtur/.sdkman/candidates/java/11.0.7.hs-adpt!/java.instrument" type="simple" />
            <root url="jrt:///Users/nikolaikavtur/.sdkman/candidates/java/11.0.7.hs-adpt!/java.logging" type="simple" />
            <root url="jrt:///Users/nikolaikavtur/.sdkman/candidates/java/11.0.7.hs-adpt!/java.management" type="simple" />
            <root url="jrt:///Users/nikolaikavtur/.sdkman/candidates/java/11.0.7.hs-adpt!/java.management.rmi" type="simple" />
            <root url="jrt:///Users/nikolaikavtur/.sdkman/candidates/java/11.0.7.hs-adpt!/java.naming" type="simple" />
            <root url="jrt:///Users/nikolaikavtur/.sdkman/candidates/java/11.0.7.hs-adpt!/java.net.http" type="simple" />
            <root url="jrt:///Users/nikolaikavtur/.sdkman/candidates/java/11.0.7.hs-adpt!/java.prefs" type="simple" />
            <root url="jrt:///Users/nikolaikavtur/.sdkman/candidates/java/11.0.7.hs-adpt!/java.rmi" type="simple" />
            <root url="jrt:///Users/nikolaikavtur/.sdkman/candidates/java/11.0.7.hs-adpt!/java.scripting" type="simple" />
            <root url="jrt:///Users/nikolaikavtur/.sdkman/candidates/java/11.0.7.hs-adpt!/java.se" type="simple" />
            <root url="jrt:///Users/nikolaikavtur/.sdkman/candidates/java/11.0.7.hs-adpt!/java.security.jgss" type="simple" />
            <root url="jrt:///Users/nikolaikavtur/.sdkman/candidates/java/11.0.7.hs-adpt!/java.security.sasl" type="simple" />
            <root url="jrt:///Users/nikolaikavtur/.sdkman/candidates/java/11.0.7.hs-adpt!/java.smartcardio" type="simple" />
            <root url="jrt:///Users/nikolaikavtur/.sdkman/candidates/java/11.0.7.hs-adpt!/java.sql" type="simple" />
            <root url="jrt:///Users/nikolaikavtur/.sdkman/candidates/java/11.0.7.hs-adpt!/java.sql.rowset" type="simple" />
            <root url="jrt:///Users/nikolaikavtur/.sdkman/candidates/java/11.0.7.hs-adpt!/java.transaction.xa" type="simple" />
            <root url="jrt:///Users/nikolaikavtur/.sdkman/candidates/java/11.0.7.hs-adpt!/java.xml" type="simple" />
            <root url="jrt:///Users/nikolaikavtur/.sdkman/candidates/java/11.0.7.hs-adpt!/java.xml.crypto" type="simple" />
            <root url="jrt:///Users/nikolaikavtur/.sdkman/candidates/java/11.0.7.hs-adpt!/jdk.accessibility" type="simple" />
            <root url="jrt:///Users/nikolaikavtur/.sdkman/candidates/java/11.0.7.hs-adpt!/jdk.aot" type="simple" />
            <root url="jrt:///Users/nikolaikavtur/.sdkman/candidates/java/11.0.7.hs-adpt!/jdk.attach" type="simple" />
            <root url="jrt:///Users/nikolaikavtur/.sdkman/candidates/java/11.0.7.hs-adpt!/jdk.charsets" type="simple" />
            <root url="jrt:///Users/nikolaikavtur/.sdkman/candidates/java/11.0.7.hs-adpt!/jdk.compiler" type="simple" />
            <root url="jrt:///Users/nikolaikavtur/.sdkman/candidates/java/11.0.7.hs-adpt!/jdk.crypto.cryptoki" type="simple" />
            <root url="jrt:///Users/nikolaikavtur/.sdkman/candidates/java/11.0.7.hs-adpt!/jdk.crypto.ec" type="simple" />
            <root url="jrt:///Users/nikolaikavtur/.sdkman/candidates/java/11.0.7.hs-adpt!/jdk.dynalink" type="simple" />
            <root url="jrt:///Users/nikolaikavtur/.sdkman/candidates/java/11.0.7.hs-adpt!/jdk.editpad" type="simple" />
            <root url="jrt:///Users/nikolaikavtur/.sdkman/candidates/java/11.0.7.hs-adpt!/jdk.hotspot.agent" type="simple" />
            <root url="jrt:///Users/nikolaikavtur/.sdkman/candidates/java/11.0.7.hs-adpt!/jdk.httpserver" type="simple" />
            <root url="jrt:///Users/nikolaikavtur/.sdkman/candidates/java/11.0.7.hs-adpt!/jdk.internal.ed" type="simple" />
            <root url="jrt:///Users/nikolaikavtur/.sdkman/candidates/java/11.0.7.hs-adpt!/jdk.internal.jvmstat" type="simple" />
            <root url="jrt:///Users/nikolaikavtur/.sdkman/candidates/java/11.0.7.hs-adpt!/jdk.internal.le" type="simple" />
            <root url="jrt:///Users/nikolaikavtur/.sdkman/candidates/java/11.0.7.hs-adpt!/jdk.internal.opt" type="simple" />
            <root url="jrt:///Users/nikolaikavtur/.sdkman/candidates/java/11.0.7.hs-adpt!/jdk.internal.vm.ci" type="simple" />
            <root url="jrt:///Users/nikolaikavtur/.sdkman/candidates/java/11.0.7.hs-adpt!/jdk.internal.vm.compiler" type="simple" />
            <root url="jrt:///Users/nikolaikavtur/.sdkman/candidates/java/11.0.7.hs-adpt!/jdk.internal.vm.compiler.management" type="simple" />
            <root url="jrt:///Users/nikolaikavtur/.sdkman/candidates/java/11.0.7.hs-adpt!/jdk.jartool" type="simple" />
            <root url="jrt:///Users/nikolaikavtur/.sdkman/candidates/java/11.0.7.hs-adpt!/jdk.javadoc" type="simple" />
            <root url="jrt:///Users/nikolaikavtur/.sdkman/candidates/java/11.0.7.hs-adpt!/jdk.jcmd" type="simple" />
            <root url="jrt:///Users/nikolaikavtur/.sdkman/candidates/java/11.0.7.hs-adpt!/jdk.jconsole" type="simple" />
            <root url="jrt:///Users/nikolaikavtur/.sdkman/candidates/java/11.0.7.hs-adpt!/jdk.jdeps" type="simple" />
            <root url="jrt:///Users/nikolaikavtur/.sdkman/candidates/java/11.0.7.hs-adpt!/jdk.jdi" type="simple" />
            <root url="jrt:///Users/nikolaikavtur/.sdkman/candidates/java/11.0.7.hs-adpt!/jdk.jdwp.agent" type="simple" />
            <root url="jrt:///Users/nikolaikavtur/.sdkman/candidates/java/11.0.7.hs-adpt!/jdk.jfr" type="simple" />
            <root url="jrt:///Users/nikolaikavtur/.sdkman/candidates/java/11.0.7.hs-adpt!/jdk.jlink" type="simple" />
            <root url="jrt:///Users/nikolaikavtur/.sdkman/candidates/java/11.0.7.hs-adpt!/jdk.jshell" type="simple" />
            <root url="jrt:///Users/nikolaikavtur/.sdkman/candidates/java/11.0.7.hs-adpt!/jdk.jsobject" type="simple" />
            <root url="jrt:///Users/nikolaikavtur/.sdkman/candidates/java/11.0.7.hs-adpt!/jdk.jstatd" type="simple" />
            <root url="jrt:///Users/nikolaikavtur/.sdkman/candidates/java/11.0.7.hs-adpt!/jdk.localedata" type="simple" />
            <root url="jrt:///Users/nikolaikavtur/.sdkman/candidates/java/11.0.7.hs-adpt!/jdk.management" type="simple" />
            <root url="jrt:///Users/nikolaikavtur/.sdkman/candidates/java/11.0.7.hs-adpt!/jdk.management.agent" type="simple" />
            <root url="jrt:///Users/nikolaikavtur/.sdkman/candidates/java/11.0.7.hs-adpt!/jdk.management.jfr" type="simple" />
            <root url="jrt:///Users/nikolaikavtur/.sdkman/candidates/java/11.0.7.hs-adpt!/jdk.naming.dns" type="simple" />
            <root url="jrt:///Users/nikolaikavtur/.sdkman/candidates/java/11.0.7.hs-adpt!/jdk.naming.rmi" type="simple" />
            <root url="jrt:///Users/nikolaikavtur/.sdkman/candidates/java/11.0.7.hs-adpt!/jdk.net" type="simple" />
            <root url="jrt:///Users/nikolaikavtur/.sdkman/candidates/java/11.0.7.hs-adpt!/jdk.pack" type="simple" />
            <root url="jrt:///Users/nikolaikavtur/.sdkman/candidates/java/11.0.7.hs-adpt!/jdk.rmic" type="simple" />
            <root url="jrt:///Users/nikolaikavtur/.sdkman/candidates/java/11.0.7.hs-adpt!/jdk.scripting.nashorn" type="simple" />
            <root url="jrt:///Users/nikolaikavtur/.sdkman/candidates/java/11.0.7.hs-adpt!/jdk.scripting.nashorn.shell" type="simple" />
            <root url="jrt:///Users/nikolaikavtur/.sdkman/candidates/java/11.0.7.hs-adpt!/jdk.sctp" type="simple" />
            <root url="jrt:///Users/nikolaikavtur/.sdkman/candidates/java/11.0.7.hs-adpt!/jdk.security.auth" type="simple" />
            <root url="jrt:///Users/nikolaikavtur/.sdkman/candidates/java/11.0.7.hs-adpt!/jdk.security.jgss" type="simple" />
            <root url="jrt:///Users/nikolaikavtur/.sdkman/candidates/java/11.0.7.hs-adpt!/jdk.unsupported" type="simple" />
            <root url="jrt:///Users/nikolaikavtur/.sdkman/candidates/java/11.0.7.hs-adpt!/jdk.unsupported.desktop" type="simple" />
            <root url="jrt:///Users/nikolaikavtur/.sdkman/candidates/java/11.0.7.hs-adpt!/jdk.xml.dom" type="simple" />
            <root url="jrt:///Users/nikolaikavtur/.sdkman/candidates/java/11.0.7.hs-adpt!/jdk.zipfs" type="simple" />
          </root>
        </classPath>
        <javadocPath>
          <root type="composite" />
        </javadocPath>
        <sourcePath>
          <root type="composite">
            <root url="jar://$USER_HOME$/.sdkman/candidates/java/11.0.7.hs-adpt/lib/src.zip!/java.se" type="simple" />
            <root url="jar://$USER_HOME$/.sdkman/candidates/java/11.0.7.hs-adpt/lib/src.zip!/jdk.aot" type="simple" />
            <root url="jar://$USER_HOME$/.sdkman/candidates/java/11.0.7.hs-adpt/lib/src.zip!/jdk.jdi" type="simple" />
            <root url="jar://$USER_HOME$/.sdkman/candidates/java/11.0.7.hs-adpt/lib/src.zip!/jdk.jfr" type="simple" />
            <root url="jar://$USER_HOME$/.sdkman/candidates/java/11.0.7.hs-adpt/lib/src.zip!/jdk.net" type="simple" />
            <root url="jar://$USER_HOME$/.sdkman/candidates/java/11.0.7.hs-adpt/lib/src.zip!/java.rmi" type="simple" />
            <root url="jar://$USER_HOME$/.sdkman/candidates/java/11.0.7.hs-adpt/lib/src.zip!/java.sql" type="simple" />
            <root url="jar://$USER_HOME$/.sdkman/candidates/java/11.0.7.hs-adpt/lib/src.zip!/java.xml" type="simple" />
            <root url="jar://$USER_HOME$/.sdkman/candidates/java/11.0.7.hs-adpt/lib/src.zip!/jdk.jcmd" type="simple" />
            <root url="jar://$USER_HOME$/.sdkman/candidates/java/11.0.7.hs-adpt/lib/src.zip!/jdk.pack" type="simple" />
            <root url="jar://$USER_HOME$/.sdkman/candidates/java/11.0.7.hs-adpt/lib/src.zip!/jdk.rmic" type="simple" />
            <root url="jar://$USER_HOME$/.sdkman/candidates/java/11.0.7.hs-adpt/lib/src.zip!/jdk.sctp" type="simple" />
            <root url="jar://$USER_HOME$/.sdkman/candidates/java/11.0.7.hs-adpt/lib/src.zip!/java.base" type="simple" />
            <root url="jar://$USER_HOME$/.sdkman/candidates/java/11.0.7.hs-adpt/lib/src.zip!/jdk.jdeps" type="simple" />
            <root url="jar://$USER_HOME$/.sdkman/candidates/java/11.0.7.hs-adpt/lib/src.zip!/jdk.jlink" type="simple" />
            <root url="jar://$USER_HOME$/.sdkman/candidates/java/11.0.7.hs-adpt/lib/src.zip!/jdk.zipfs" type="simple" />
            <root url="jar://$USER_HOME$/.sdkman/candidates/java/11.0.7.hs-adpt/lib/src.zip!/java.prefs" type="simple" />
            <root url="jar://$USER_HOME$/.sdkman/candidates/java/11.0.7.hs-adpt/lib/src.zip!/jdk.attach" type="simple" />
            <root url="jar://$USER_HOME$/.sdkman/candidates/java/11.0.7.hs-adpt/lib/src.zip!/jdk.jshell" type="simple" />
            <root url="jar://$USER_HOME$/.sdkman/candidates/java/11.0.7.hs-adpt/lib/src.zip!/jdk.jstatd" type="simple" />
            <root url="jar://$USER_HOME$/.sdkman/candidates/java/11.0.7.hs-adpt/lib/src.zip!/java.naming" type="simple" />
            <root url="jar://$USER_HOME$/.sdkman/candidates/java/11.0.7.hs-adpt/lib/src.zip!/jdk.editpad" type="simple" />
            <root url="jar://$USER_HOME$/.sdkman/candidates/java/11.0.7.hs-adpt/lib/src.zip!/jdk.jartool" type="simple" />
            <root url="jar://$USER_HOME$/.sdkman/candidates/java/11.0.7.hs-adpt/lib/src.zip!/jdk.javadoc" type="simple" />
            <root url="jar://$USER_HOME$/.sdkman/candidates/java/11.0.7.hs-adpt/lib/src.zip!/jdk.xml.dom" type="simple" />
            <root url="jar://$USER_HOME$/.sdkman/candidates/java/11.0.7.hs-adpt/lib/src.zip!/java.desktop" type="simple" />
            <root url="jar://$USER_HOME$/.sdkman/candidates/java/11.0.7.hs-adpt/lib/src.zip!/java.logging" type="simple" />
            <root url="jar://$USER_HOME$/.sdkman/candidates/java/11.0.7.hs-adpt/lib/src.zip!/jdk.charsets" type="simple" />
            <root url="jar://$USER_HOME$/.sdkman/candidates/java/11.0.7.hs-adpt/lib/src.zip!/jdk.compiler" type="simple" />
            <root url="jar://$USER_HOME$/.sdkman/candidates/java/11.0.7.hs-adpt/lib/src.zip!/jdk.dynalink" type="simple" />
            <root url="jar://$USER_HOME$/.sdkman/candidates/java/11.0.7.hs-adpt/lib/src.zip!/jdk.jconsole" type="simple" />
            <root url="jar://$USER_HOME$/.sdkman/candidates/java/11.0.7.hs-adpt/lib/src.zip!/jdk.jsobject" type="simple" />
            <root url="jar://$USER_HOME$/.sdkman/candidates/java/11.0.7.hs-adpt/lib/src.zip!/java.compiler" type="simple" />
            <root url="jar://$USER_HOME$/.sdkman/candidates/java/11.0.7.hs-adpt/lib/src.zip!/java.net.http" type="simple" />
            <root url="jar://$USER_HOME$/.sdkman/candidates/java/11.0.7.hs-adpt/lib/src.zip!/jdk.crypto.ec" type="simple" />
            <root url="jar://$USER_HOME$/.sdkman/candidates/java/11.0.7.hs-adpt/lib/src.zip!/java.scripting" type="simple" />
            <root url="jar://$USER_HOME$/.sdkman/candidates/java/11.0.7.hs-adpt/lib/src.zip!/jdk.httpserver" type="simple" />
            <root url="jar://$USER_HOME$/.sdkman/candidates/java/11.0.7.hs-adpt/lib/src.zip!/jdk.jdwp.agent" type="simple" />
            <root url="jar://$USER_HOME$/.sdkman/candidates/java/11.0.7.hs-adpt/lib/src.zip!/jdk.localedata" type="simple" />
            <root url="jar://$USER_HOME$/.sdkman/candidates/java/11.0.7.hs-adpt/lib/src.zip!/jdk.management" type="simple" />
            <root url="jar://$USER_HOME$/.sdkman/candidates/java/11.0.7.hs-adpt/lib/src.zip!/jdk.naming.dns" type="simple" />
            <root url="jar://$USER_HOME$/.sdkman/candidates/java/11.0.7.hs-adpt/lib/src.zip!/jdk.naming.rmi" type="simple" />
            <root url="jar://$USER_HOME$/.sdkman/candidates/java/11.0.7.hs-adpt/lib/src.zip!/java.instrument" type="simple" />
            <root url="jar://$USER_HOME$/.sdkman/candidates/java/11.0.7.hs-adpt/lib/src.zip!/java.management" type="simple" />
            <root url="jar://$USER_HOME$/.sdkman/candidates/java/11.0.7.hs-adpt/lib/src.zip!/java.sql.rowset" type="simple" />
            <root url="jar://$USER_HOME$/.sdkman/candidates/java/11.0.7.hs-adpt/lib/src.zip!/java.xml.crypto" type="simple" />
            <root url="jar://$USER_HOME$/.sdkman/candidates/java/11.0.7.hs-adpt/lib/src.zip!/jdk.internal.ed" type="simple" />
            <root url="jar://$USER_HOME$/.sdkman/candidates/java/11.0.7.hs-adpt/lib/src.zip!/jdk.internal.le" type="simple" />
            <root url="jar://$USER_HOME$/.sdkman/candidates/java/11.0.7.hs-adpt/lib/src.zip!/jdk.unsupported" type="simple" />
            <root url="jar://$USER_HOME$/.sdkman/candidates/java/11.0.7.hs-adpt/lib/src.zip!/java.smartcardio" type="simple" />
            <root url="jar://$USER_HOME$/.sdkman/candidates/java/11.0.7.hs-adpt/lib/src.zip!/jdk.internal.opt" type="simple" />
            <root url="jar://$USER_HOME$/.sdkman/candidates/java/11.0.7.hs-adpt/lib/src.zip!/java.datatransfer" type="simple" />
            <root url="jar://$USER_HOME$/.sdkman/candidates/java/11.0.7.hs-adpt/lib/src.zip!/jdk.accessibility" type="simple" />
            <root url="jar://$USER_HOME$/.sdkman/candidates/java/11.0.7.hs-adpt/lib/src.zip!/jdk.hotspot.agent" type="simple" />
            <root url="jar://$USER_HOME$/.sdkman/candidates/java/11.0.7.hs-adpt/lib/src.zip!/jdk.security.auth" type="simple" />
            <root url="jar://$USER_HOME$/.sdkman/candidates/java/11.0.7.hs-adpt/lib/src.zip!/jdk.security.jgss" type="simple" />
            <root url="jar://$USER_HOME$/.sdkman/candidates/java/11.0.7.hs-adpt/lib/src.zip!/java.security.jgss" type="simple" />
            <root url="jar://$USER_HOME$/.sdkman/candidates/java/11.0.7.hs-adpt/lib/src.zip!/java.security.sasl" type="simple" />
            <root url="jar://$USER_HOME$/.sdkman/candidates/java/11.0.7.hs-adpt/lib/src.zip!/jdk.internal.vm.ci" type="simple" />
            <root url="jar://$USER_HOME$/.sdkman/candidates/java/11.0.7.hs-adpt/lib/src.zip!/jdk.management.jfr" type="simple" />
            <root url="jar://$USER_HOME$/.sdkman/candidates/java/11.0.7.hs-adpt/lib/src.zip!/java.management.rmi" type="simple" />
            <root url="jar://$USER_HOME$/.sdkman/candidates/java/11.0.7.hs-adpt/lib/src.zip!/java.transaction.xa" type="simple" />
            <root url="jar://$USER_HOME$/.sdkman/candidates/java/11.0.7.hs-adpt/lib/src.zip!/jdk.crypto.cryptoki" type="simple" />
            <root url="jar://$USER_HOME$/.sdkman/candidates/java/11.0.7.hs-adpt/lib/src.zip!/jdk.internal.jvmstat" type="simple" />
            <root url="jar://$USER_HOME$/.sdkman/candidates/java/11.0.7.hs-adpt/lib/src.zip!/jdk.management.agent" type="simple" />
            <root url="jar://$USER_HOME$/.sdkman/candidates/java/11.0.7.hs-adpt/lib/src.zip!/jdk.scripting.nashorn" type="simple" />
            <root url="jar://$USER_HOME$/.sdkman/candidates/java/11.0.7.hs-adpt/lib/src.zip!/jdk.unsupported.desktop" type="simple" />
            <root url="jar://$USER_HOME$/.sdkman/candidates/java/11.0.7.hs-adpt/lib/src.zip!/jdk.internal.vm.compiler" type="simple" />
            <root url="jar://$USER_HOME$/.sdkman/candidates/java/11.0.7.hs-adpt/lib/src.zip!/jdk.scripting.nashorn.shell" type="simple" />
            <root url="jar://$USER_HOME$/.sdkman/candidates/java/11.0.7.hs-adpt/lib/src.zip!/jdk.internal.vm.compiler.management" type="simple" />
          </root>
        </sourcePath>
      </roots>
      <additional />
    </jdk>
    <jdk version="2">
      <name value="Android API 30 Platform" />
      <type value="Android SDK" />
      <version value="java version &quot;1.8.0_252&quot;" />
      <homePath value="$USER_HOME$/Library/Android/sdk" />
      <roots>
        <annotationsPath>
          <root type="composite">
            <root url="jar://$USER_HOME$/Library/Android/sdk/platforms/android-30/data/annotations.zip!/" type="simple" />
          </root>
        </annotationsPath>
        <classPath>
          <root type="composite">
            <root url="jar://$USER_HOME$/Library/Android/sdk/platforms/android-30/android.jar!/" type="simple" />
            <root url="file://$USER_HOME$/Library/Android/sdk/platforms/android-30/data/res" type="simple" />
          </root>
        </classPath>
        <javadocPath>
          <root type="composite">
            <root url="http://developer.android.com/reference/" type="simple" />
          </root>
        </javadocPath>
        <sourcePath>
          <root type="composite" />
        </sourcePath>
      </roots>
      <additional jdk="1.8" sdk="android-30" />
    </jdk>
    <jdk version="2">
      <name value="Python 2.7" />
      <type value="Python SDK" />
      <version value="Python 2.7.16" />
      <homePath value="/usr/bin/python2.7" />
      <roots>
        <annotationsPath>
          <root type="composite" />
        </annotationsPath>
        <classPath>
          <root type="composite">
            <root url="file:///System/Library/Frameworks/Python.framework/Versions/2.7/lib/python2.7" type="simple" />
            <root url="file:///System/Library/Frameworks/Python.framework/Versions/2.7/lib/python2.7/plat-darwin" type="simple" />
            <root url="file:///System/Library/Frameworks/Python.framework/Versions/2.7/lib/python2.7/plat-mac" type="simple" />
            <root url="file:///System/Library/Frameworks/Python.framework/Versions/2.7/lib/python2.7/plat-mac/lib-scriptpackages" type="simple" />
            <root url="file:///System/Library/Frameworks/Python.framework/Versions/2.7/lib/python2.7/lib-tk" type="simple" />
            <root url="file:///System/Library/Frameworks/Python.framework/Versions/2.7/lib/python2.7/lib-dynload" type="simple" />
            <root url="file:///Library/Python/2.7/site-packages" type="simple" />
            <root url="file:///System/Library/Frameworks/Python.framework/Versions/2.7/Extras/lib/python" type="simple" />
            <root url="file:///System/Library/Frameworks/Python.framework/Versions/2.7/Extras/lib/python/PyObjC" type="simple" />
            <root url="file://$USER_HOME$/Library/Caches/JetBrains/IntelliJIdea2020.2/python_stubs/-1247972723" type="simple" />
            <root url="file://$APPLICATION_PLUGINS_DIR$/python/helpers/python-skeletons" type="simple" />
            <root url="file://$APPLICATION_PLUGINS_DIR$/python/helpers/typeshed/stdlib/2" type="simple" />
            <root url="file://$APPLICATION_PLUGINS_DIR$/python/helpers/typeshed/stdlib/2and3" type="simple" />
            <root url="file://$APPLICATION_PLUGINS_DIR$/python/helpers/typeshed/third_party/2" type="simple" />
            <root url="file://$APPLICATION_PLUGINS_DIR$/python/helpers/typeshed/third_party/2and3" type="simple" />
          </root>
        </classPath>
        <javadocPath>
          <root type="composite" />
        </javadocPath>
        <sourcePath>
          <root type="composite" />
        </sourcePath>
      </roots>
      <additional />
    </jdk>
    <jdk version="2">
      <name value="Python 3.7" />
      <type value="Python SDK" />
      <version value="Python 3.7.3" />
      <homePath value="/usr/bin/python3" />
      <roots>
        <annotationsPath>
          <root type="composite" />
        </annotationsPath>
        <classPath>
          <root type="composite">
            <root url="file:///Library/Developer/CommandLineTools/Library/Frameworks/Python3.framework/Versions/3.7/lib/python3.7" type="simple" />
            <root url="file:///Library/Developer/CommandLineTools/Library/Frameworks/Python3.framework/Versions/3.7/lib/python3.7/lib-dynload" type="simple" />
            <root url="file://$USER_HOME$/Library/Python/3.7/lib/python/site-packages" type="simple" />
            <root url="file:///Library/Developer/CommandLineTools/Library/Frameworks/Python3.framework/Versions/3.7/lib/python3.7/site-packages" type="simple" />
            <root url="file:///Library/Python/3.7/site-packages" type="simple" />
            <root url="file://$USER_HOME$/Library/Caches/JetBrains/IntelliJIdea2020.2/python_stubs/-2066100795" type="simple" />
            <root url="file://$APPLICATION_PLUGINS_DIR$/python/helpers/python-skeletons" type="simple" />
            <root url="file://$APPLICATION_PLUGINS_DIR$/python/helpers/typeshed/stdlib/3.7" type="simple" />
            <root url="file://$APPLICATION_PLUGINS_DIR$/python/helpers/typeshed/stdlib/3" type="simple" />
            <root url="file://$APPLICATION_PLUGINS_DIR$/python/helpers/typeshed/stdlib/2and3" type="simple" />
            <root url="file://$APPLICATION_PLUGINS_DIR$/python/helpers/typeshed/third_party/3" type="simple" />
            <root url="file://$APPLICATION_PLUGINS_DIR$/python/helpers/typeshed/third_party/2and3" type="simple" />
          </root>
        </classPath>
        <javadocPath>
          <root type="composite" />
        </javadocPath>
        <sourcePath>
          <root type="composite" />
        </sourcePath>
      </roots>
      <additional />
    </jdk>
    <jdk version="2">
      <name value="Python 3.8 (try-django)" />
      <type value="Python SDK" />
      <version value="Python 3.8.5" />
      <homePath value="$USER_HOME$/IdeaProjects/try-django/bin/python" />
      <roots>
        <annotationsPath>
          <root type="composite" />
        </annotationsPath>
        <classPath>
          <root type="composite">
            <root url="file:///usr/local/opt/python@3.8/Frameworks/Python.framework/Versions/3.8/lib/python3.8" type="simple" />
            <root url="file:///usr/local/opt/python@3.8/Frameworks/Python.framework/Versions/3.8/lib/python3.8/lib-dynload" type="simple" />
            <root url="file://$USER_HOME$/IdeaProjects/try-django/lib/python3.8/site-packages" type="simple" />
            <root url="file://$USER_HOME$/Library/Caches/JetBrains/IntelliJIdea2020.2/python_stubs/-8489657" type="simple" />
            <root url="file://$APPLICATION_PLUGINS_DIR$/python/helpers/python-skeletons" type="simple" />
            <root url="file://$APPLICATION_PLUGINS_DIR$/python/helpers/typeshed/stdlib/3.7" type="simple" />
            <root url="file://$APPLICATION_PLUGINS_DIR$/python/helpers/typeshed/stdlib/3" type="simple" />
            <root url="file://$APPLICATION_PLUGINS_DIR$/python/helpers/typeshed/stdlib/2and3" type="simple" />
            <root url="file://$APPLICATION_PLUGINS_DIR$/python/helpers/typeshed/third_party/3" type="simple" />
            <root url="file://$APPLICATION_PLUGINS_DIR$/python/helpers/typeshed/third_party/2and3" type="simple" />
          </root>
        </classPath>
        <javadocPath>
          <root type="composite" />
        </javadocPath>
        <sourcePath>
          <root type="composite" />
        </sourcePath>
      </roots>
      <additional />
    </jdk>
    <jdk version="2">
      <name value="Pipenv (python-examples)" />
      <type value="Python SDK" />
      <version value="Python 3.8.5" />
      <homePath value="$USER_HOME$/.local/share/virtualenvs/python-examples-A5r-sT65/bin/python" />
      <roots>
        <annotationsPath>
          <root type="composite" />
        </annotationsPath>
        <classPath>
          <root type="composite">
            <root url="file:///usr/local/opt/python@3.8/Frameworks/Python.framework/Versions/3.8/lib/python3.8" type="simple" />
            <root url="file:///usr/local/opt/python@3.8/Frameworks/Python.framework/Versions/3.8/lib/python3.8/lib-dynload" type="simple" />
            <root url="file://$USER_HOME$/.local/share/virtualenvs/python-examples-A5r-sT65/lib/python3.8/site-packages" type="simple" />
            <root url="file://$USER_HOME$/Library/Caches/JetBrains/IntelliJIdea2020.3/python_stubs/1871842352" type="simple" />
            <root url="file://$APPLICATION_PLUGINS_DIR$/python/helpers/python-skeletons" type="simple" />
            <root url="file://$APPLICATION_PLUGINS_DIR$/python/helpers/typeshed/stdlib/3.7" type="simple" />
            <root url="file://$APPLICATION_PLUGINS_DIR$/python/helpers/typeshed/stdlib/3" type="simple" />
            <root url="file://$APPLICATION_PLUGINS_DIR$/python/helpers/typeshed/stdlib/2and3" type="simple" />
            <root url="file://$APPLICATION_PLUGINS_DIR$/python/helpers/typeshed/third_party/3" type="simple" />
            <root url="file://$APPLICATION_PLUGINS_DIR$/python/helpers/typeshed/third_party/2and3" type="simple" />
          </root>
        </classPath>
        <javadocPath>
          <root type="composite" />
        </javadocPath>
        <sourcePath>
          <root type="composite" />
        </sourcePath>
      </roots>
      <additional ASSOCIATED_PROJECT_PATH="$USER_HOME$/IdeaProjects/python-examples" IS_PIPENV="true" />
    </jdk>
    <jdk version="2">
      <name value="Pipenv (minotaur)" />
      <type value="Python SDK" />
      <version value="Python 3.8.5" />
      <homePath value="$USER_HOME$/.local/share/virtualenvs/minotaur-9ezSPKdN/bin/python" />
      <roots>
        <annotationsPath>
          <root type="composite" />
        </annotationsPath>
        <classPath>
          <root type="composite">
            <root url="file:///usr/local/opt/python@3.8/Frameworks/Python.framework/Versions/3.8/lib/python3.8" type="simple" />
            <root url="file:///usr/local/opt/python@3.8/Frameworks/Python.framework/Versions/3.8/lib/python3.8/lib-dynload" type="simple" />
            <root url="file://$USER_HOME$/.local/share/virtualenvs/minotaur-9ezSPKdN/lib/python3.8/site-packages" type="simple" />
            <root url="file://$USER_HOME$/Library/Caches/JetBrains/IntelliJIdea2020.3/python_stubs/67322244" type="simple" />
            <root url="file://$APPLICATION_PLUGINS_DIR$/python/helpers/python-skeletons" type="simple" />
            <root url="file://$APPLICATION_PLUGINS_DIR$/python/helpers/typeshed/stdlib/3.7" type="simple" />
            <root url="file://$APPLICATION_PLUGINS_DIR$/python/helpers/typeshed/stdlib/3" type="simple" />
            <root url="file://$APPLICATION_PLUGINS_DIR$/python/helpers/typeshed/stdlib/2and3" type="simple" />
            <root url="file://$APPLICATION_PLUGINS_DIR$/python/helpers/typeshed/third_party/3" type="simple" />
            <root url="file://$APPLICATION_PLUGINS_DIR$/python/helpers/typeshed/third_party/2and3" type="simple" />
          </root>
        </classPath>
        <javadocPath>
          <root type="composite" />
        </javadocPath>
        <sourcePath>
          <root type="composite" />
        </sourcePath>
      </roots>
      <additional ASSOCIATED_PROJECT_PATH="$USER_HOME$/IdeaProjects/minotaur" IS_PIPENV="true" />
    </jdk>
    <jdk version="2">
      <name value="Python 3.8 (django-tutorial-_ys8WCQW)" />
      <type value="Python SDK" />
      <version value="Python 3.8.5" />
      <homePath value="$USER_HOME$/.local/share/virtualenvs/django-tutorial-_ys8WCQW/bin/python3" />
      <roots>
        <annotationsPath>
          <root type="composite" />
        </annotationsPath>
        <classPath>
          <root type="composite">
            <root url="file:///usr/local/Cellar/python@3.8/3.8.5/Frameworks/Python.framework/Versions/3.8/lib/python3.8" type="simple" />
            <root url="file:///usr/local/Cellar/python@3.8/3.8.5/Frameworks/Python.framework/Versions/3.8/lib/python3.8/lib-dynload" type="simple" />
            <root url="file://$USER_HOME$/.local/share/virtualenvs/django-tutorial-_ys8WCQW/lib/python3.8/site-packages" type="simple" />
            <root url="file://$USER_HOME$/Library/Caches/JetBrains/IntelliJIdea2020.3/python_stubs/1079717135" type="simple" />
            <root url="file://$APPLICATION_PLUGINS_DIR$/python/helpers/python-skeletons" type="simple" />
            <root url="file://$APPLICATION_PLUGINS_DIR$/python/helpers/typeshed/stdlib/3.7" type="simple" />
            <root url="file://$APPLICATION_PLUGINS_DIR$/python/helpers/typeshed/stdlib/3" type="simple" />
            <root url="file://$APPLICATION_PLUGINS_DIR$/python/helpers/typeshed/stdlib/2and3" type="simple" />
            <root url="file://$APPLICATION_PLUGINS_DIR$/python/helpers/typeshed/third_party/3" type="simple" />
            <root url="file://$APPLICATION_PLUGINS_DIR$/python/helpers/typeshed/third_party/2and3" type="simple" />
          </root>
        </classPath>
        <javadocPath>
          <root type="composite" />
        </javadocPath>
        <sourcePath>
          <root type="composite" />
        </sourcePath>
      </roots>
      <additional />
    </jdk>
    <jdk version="2">
      <name value="Python 3.8 (python-searchengine-V4OkOAA4)" />
      <type value="Python SDK" />
      <version value="Python 3.8.5" />
      <homePath value="$USER_HOME$/.local/share/virtualenvs/python-searchengine-V4OkOAA4/bin/python" />
      <roots>
        <annotationsPath>
          <root type="composite" />
        </annotationsPath>
        <classPath>
          <root type="composite">
            <root url="file:///usr/local/opt/python@3.8/Frameworks/Python.framework/Versions/3.8/lib/python3.8" type="simple" />
            <root url="file:///usr/local/opt/python@3.8/Frameworks/Python.framework/Versions/3.8/lib/python3.8/lib-dynload" type="simple" />
            <root url="file://$USER_HOME$/.local/share/virtualenvs/python-searchengine-V4OkOAA4/lib/python3.8/site-packages" type="simple" />
            <root url="file://$USER_HOME$/Library/Caches/JetBrains/IntelliJIdea2020.3/python_stubs/-551121375" type="simple" />
            <root url="file://$APPLICATION_PLUGINS_DIR$/python/helpers/python-skeletons" type="simple" />
            <root url="file://$APPLICATION_PLUGINS_DIR$/python/helpers/typeshed/stdlib/3.7" type="simple" />
            <root url="file://$APPLICATION_PLUGINS_DIR$/python/helpers/typeshed/stdlib/3" type="simple" />
            <root url="file://$APPLICATION_PLUGINS_DIR$/python/helpers/typeshed/stdlib/2and3" type="simple" />
            <root url="file://$APPLICATION_PLUGINS_DIR$/python/helpers/typeshed/third_party/3" type="simple" />
            <root url="file://$APPLICATION_PLUGINS_DIR$/python/helpers/typeshed/third_party/2and3" type="simple" />
          </root>
        </classPath>
        <javadocPath>
          <root type="composite" />
        </javadocPath>
        <sourcePath>
          <root type="composite" />
        </sourcePath>
      </roots>
      <additional />
    </jdk>
    <jdk version="2">
      <name value="Python 3.7 (hydralibs-MrT0kS2P)" />
      <type value="Python SDK" />
      <version value="Python 3.7.0" />
      <homePath value="$USER_HOME$/.local/share/virtualenvs/hydralibs-MrT0kS2P/bin/python3" />
      <roots>
        <annotationsPath>
          <root type="composite" />
        </annotationsPath>
        <classPath>
          <root type="composite">
            <root url="file:///Library/Frameworks/Python.framework/Versions/3.7/lib/python3.7" type="simple" />
            <root url="file:///Library/Frameworks/Python.framework/Versions/3.7/lib/python3.7/lib-dynload" type="simple" />
            <root url="file://$USER_HOME$/.local/share/virtualenvs/hydralibs-MrT0kS2P/lib/python3.7/site-packages" type="simple" />
            <root url="jar://$USER_HOME$/.local/share/virtualenvs/hydralibs-MrT0kS2P/lib/python3.7/site-packages/hydralibs-1.20.71-py3.7.egg!/" type="simple" />
            <root url="file://$USER_HOME$/.local/share/virtualenvs/hydralibs-MrT0kS2P/lib/python3.7/site-packages/Authlib-0.14.1-py3.7.egg" type="simple" />
            <root url="file://$USER_HOME$/.local/share/virtualenvs/hydralibs-MrT0kS2P/lib/python3.7/site-packages/cryptography-3.4.7-py3.7-macosx-10.6-intel.egg" type="simple" />
            <root url="file://$USER_HOME$/.local/share/virtualenvs/hydralibs-MrT0kS2P/lib/python3.7/site-packages/PyJWT-2.1.0-py3.7.egg" type="simple" />
            <root url="file://$USER_HOME$/.local/share/virtualenvs/hydralibs-MrT0kS2P/lib/python3.7/site-packages/certifi-2020.12.5-py3.7.egg" type="simple" />
            <root url="file://$USER_HOME$/.local/share/virtualenvs/hydralibs-MrT0kS2P/lib/python3.7/site-packages/requests-2.25.1-py3.7.egg" type="simple" />
            <root url="file://$USER_HOME$/.local/share/virtualenvs/hydralibs-MrT0kS2P/lib/python3.7/site-packages/numpy-1.20.3-py3.7-macosx-10.6-intel.egg" type="simple" />
            <root url="file://$USER_HOME$/.local/share/virtualenvs/hydralibs-MrT0kS2P/lib/python3.7/site-packages/boto3-1.17.71-py3.7.egg" type="simple" />
            <root url="file://$USER_HOME$/.local/share/virtualenvs/hydralibs-MrT0kS2P/lib/python3.7/site-packages/confluent_kafka-1.6.1-py3.7-macosx-10.6-intel.egg" type="simple" />
            <root url="file://$USER_HOME$/.local/share/virtualenvs/hydralibs-MrT0kS2P/lib/python3.7/site-packages/google-3.0.0-py3.7.egg" type="simple" />
            <root url="file://$USER_HOME$/.local/share/virtualenvs/hydralibs-MrT0kS2P/lib/python3.7/site-packages/protobuf-4.0.0rc2-py3.7-macosx-10.6-intel.egg" type="simple" />
            <root url="file://$USER_HOME$/.local/share/virtualenvs/hydralibs-MrT0kS2P/lib/python3.7/site-packages/elasticsearch-7.12.1-py3.7.egg" type="simple" />
            <root url="file://$USER_HOME$/.local/share/virtualenvs/hydralibs-MrT0kS2P/lib/python3.7/site-packages/cffi-1.14.5-py3.7-macosx-10.6-intel.egg" type="simple" />
            <root url="file://$USER_HOME$/.local/share/virtualenvs/hydralibs-MrT0kS2P/lib/python3.7/site-packages/urllib3-1.26.4-py3.7.egg" type="simple" />
            <root url="file://$USER_HOME$/.local/share/virtualenvs/hydralibs-MrT0kS2P/lib/python3.7/site-packages/idna-2.10-py3.7.egg" type="simple" />
            <root url="file://$USER_HOME$/.local/share/virtualenvs/hydralibs-MrT0kS2P/lib/python3.7/site-packages/chardet-4.0.0-py3.7.egg" type="simple" />
            <root url="file://$USER_HOME$/.local/share/virtualenvs/hydralibs-MrT0kS2P/lib/python3.7/site-packages/s3transfer-0.4.2-py3.7.egg" type="simple" />
            <root url="file://$USER_HOME$/.local/share/virtualenvs/hydralibs-MrT0kS2P/lib/python3.7/site-packages/jmespath-0.10.0-py3.7.egg" type="simple" />
            <root url="file://$USER_HOME$/.local/share/virtualenvs/hydralibs-MrT0kS2P/lib/python3.7/site-packages/botocore-1.20.71-py3.7.egg" type="simple" />
            <root url="file://$USER_HOME$/.local/share/virtualenvs/hydralibs-MrT0kS2P/lib/python3.7/site-packages/beautifulsoup4-4.9.3-py3.7.egg" type="simple" />
            <root url="file://$USER_HOME$/.local/share/virtualenvs/hydralibs-MrT0kS2P/lib/python3.7/site-packages/six-1.16.0-py3.7.egg" type="simple" />
            <root url="file://$USER_HOME$/.local/share/virtualenvs/hydralibs-MrT0kS2P/lib/python3.7/site-packages/pycparser-2.20-py3.7.egg" type="simple" />
            <root url="file://$USER_HOME$/.local/share/virtualenvs/hydralibs-MrT0kS2P/lib/python3.7/site-packages/python_dateutil-2.8.1-py3.7.egg" type="simple" />
            <root url="file://$USER_HOME$/.local/share/virtualenvs/hydralibs-MrT0kS2P/lib/python3.7/site-packages/soupsieve-2.2.1-py3.7.egg" type="simple" />
            <root url="file://$USER_HOME$/Library/Caches/JetBrains/IntelliJIdea2020.3/python_stubs/-392454171" type="simple" />
            <root url="file://$APPLICATION_PLUGINS_DIR$/python/helpers/python-skeletons" type="simple" />
            <root url="file://$APPLICATION_PLUGINS_DIR$/python/helpers/typeshed/stdlib/3.7" type="simple" />
            <root url="file://$APPLICATION_PLUGINS_DIR$/python/helpers/typeshed/stdlib/3" type="simple" />
            <root url="file://$APPLICATION_PLUGINS_DIR$/python/helpers/typeshed/stdlib/2and3" type="simple" />
            <root url="file://$APPLICATION_PLUGINS_DIR$/python/helpers/typeshed/third_party/3" type="simple" />
            <root url="file://$APPLICATION_PLUGINS_DIR$/python/helpers/typeshed/third_party/2and3" type="simple" />
          </root>
        </classPath>
        <javadocPath>
          <root type="composite" />
        </javadocPath>
        <sourcePath>
          <root type="composite" />
        </sourcePath>
      </roots>
      <additional />
    </jdk>
    <jdk version="2">
      <name value="Python 3.8 (hydra-SWinjYt2)" />
      <type value="Python SDK" />
      <version value="Python 3.8.5" />
      <homePath value="$USER_HOME$/.local/share/virtualenvs/hydra-SWinjYt2/bin/python3" />
      <roots>
        <annotationsPath>
          <root type="composite" />
        </annotationsPath>
        <classPath>
          <root type="composite">
            <root url="file:///usr/local/Cellar/python@3.8/3.8.5/Frameworks/Python.framework/Versions/3.8/lib/python3.8" type="simple" />
            <root url="file:///usr/local/Cellar/python@3.8/3.8.5/Frameworks/Python.framework/Versions/3.8/lib/python3.8/lib-dynload" type="simple" />
            <root url="file://$USER_HOME$/.local/share/virtualenvs/hydra-SWinjYt2/lib/python3.8/site-packages" type="simple" />
            <root url="file://$USER_HOME$/Library/Caches/JetBrains/IntelliJIdea2020.3/python_stubs/1265688674" type="simple" />
            <root url="file://$APPLICATION_PLUGINS_DIR$/python/helpers/python-skeletons" type="simple" />
            <root url="file://$APPLICATION_PLUGINS_DIR$/python/helpers/typeshed/stdlib/3.7" type="simple" />
            <root url="file://$APPLICATION_PLUGINS_DIR$/python/helpers/typeshed/stdlib/3" type="simple" />
            <root url="file://$APPLICATION_PLUGINS_DIR$/python/helpers/typeshed/stdlib/2and3" type="simple" />
            <root url="file://$APPLICATION_PLUGINS_DIR$/python/helpers/typeshed/third_party/3" type="simple" />
            <root url="file://$APPLICATION_PLUGINS_DIR$/python/helpers/typeshed/third_party/2and3" type="simple" />
          </root>
        </classPath>
        <javadocPath>
          <root type="composite" />
        </javadocPath>
        <sourcePath>
          <root type="composite" />
        </sourcePath>
      </roots>
      <additional />
    </jdk>
    <jdk version="2">
      <name value="Pipenv (leet_code)" />
      <type value="Python SDK" />
      <version value="Python 3.8.5" />
      <homePath value="$USER_HOME$/.local/share/virtualenvs/leet_code-7SIZIr6Z/bin/python" />
      <roots>
        <annotationsPath>
          <root type="composite" />
        </annotationsPath>
        <classPath>
          <root type="composite">
            <root url="file:///usr/local/opt/python@3.8/Frameworks/Python.framework/Versions/3.8/lib/python3.8" type="simple" />
            <root url="file:///usr/local/opt/python@3.8/Frameworks/Python.framework/Versions/3.8/lib/python3.8/lib-dynload" type="simple" />
            <root url="file://$USER_HOME$/.local/share/virtualenvs/leet_code-7SIZIr6Z/lib/python3.8/site-packages" type="simple" />
            <root url="file://$USER_HOME$/Library/Caches/JetBrains/IntelliJIdea2020.3/python_stubs/-1344845553" type="simple" />
            <root url="file://$APPLICATION_PLUGINS_DIR$/python/helpers/python-skeletons" type="simple" />
            <root url="file://$APPLICATION_PLUGINS_DIR$/python/helpers/typeshed/stdlib/3.7" type="simple" />
            <root url="file://$APPLICATION_PLUGINS_DIR$/python/helpers/typeshed/stdlib/3" type="simple" />
            <root url="file://$APPLICATION_PLUGINS_DIR$/python/helpers/typeshed/stdlib/2and3" type="simple" />
            <root url="file://$APPLICATION_PLUGINS_DIR$/python/helpers/typeshed/third_party/3" type="simple" />
            <root url="file://$APPLICATION_PLUGINS_DIR$/python/helpers/typeshed/third_party/2and3" type="simple" />
          </root>
        </classPath>
        <javadocPath>
          <root type="composite" />
        </javadocPath>
        <sourcePath>
          <root type="composite" />
        </sourcePath>
      </roots>
      <additional ASSOCIATED_PROJECT_PATH="$USER_HOME$/IdeaProjects/leet_code" IS_PIPENV="true" />
    </jdk>
  </component>
</application>