<application>
  <component name="MaterialThemeConfig">
    <option name="compactMenus" value="true" />
    <option name="compactStatusBar" value="true" />
    <option name="compactTables" value="true" />
    <option name="customTreeIndentEnabled" value="true" />
    <option name="styledDirectories" value="true" />
    <option name="compactDropdowns" value="true" />
    <option name="compactSidebar" value="true" />
    <option name="darkTitleBar" value="true" />
    <option name="isCompactMenus" value="true" />
    <option name="isCompactStatusBar" value="true" />
    <option name="isCompactTables" value="true" />
    <option name="isCustomTreeIndentEnabled" value="true" />
    <option name="isStyledDirectories" value="true" />
    <option name="isWizardShown" value="true" />
    <option name="pristineConfig" value="false" />
    <option name="settingsSelectedTab" value="5" />
    <option name="accentColor" value="2979ff" />
    <option name="selectedTheme" value="ONE_DARK" />
    <option name="userId" value="2aa6fe0d:170efe19664:-8000" />
    <option name="version" value="5.5.0" />
  </component>
</application>