<application>
  <component name="ParameterNameHintsSettings">
    <blacklists>
      <blacklist language="TypeScript">
        <added pattern="FieldGroup.constructor(items,groupName)" />
        <added pattern="FieldGroup.constructor(fields,groupName)" />
        <added pattern="Object.hasOwnProperty(v)" />
      </blacklist>
      <blacklist language="Java">
        <added pattern="home.nkavtur.wavefrontspring.cpe.routes.SubjectRouteBuilder.SubjectRouteBuilder(subjectRoutesBuilder)" />
        <added pattern="java.util.Map.of(k1,v1,k2,v2,k3,v3,k4,v4)" />
        <added pattern="home.nkavtur.wavefrontspring.poc.routes.predicates.Predicates.category(sourceCategories)" />
        <added pattern="com.truu.common.oauth.SimpleClientCredentials.SimpleClientCredentials(clientId,clientSecret)" />
        <added pattern="org.springframework.boot.test.web.client.TestRestTemplate.withBasicAuth(username,password)" />
        <added pattern="org.springframework.http.HttpHeaders.add(headerName,headerValue)" />
        <added pattern="com.truu.platform.oauth.AccessTokenManager.requestToken(clientCredentials,scope)" />
        <added pattern="com.truu.common.messaging.Header.Header(messageType,sender,domainId)" />
        <added pattern="com.truu.common.messaging.Sender.Sender(uri,name)" />
        <added pattern="com.truu.platform.event.IdentityEvent.IdentityEvent(domainId,tuid,messageType,success,method)" />
        <added pattern="com.truu.core.messaging.EventQueueManager.getQueue(queueName,maxCapacity,eClass)" />
        <added pattern="org.springframework.kafka.core.KafkaTemplate.send(topic,data)" />
        <added pattern="java.time.Instant.minus(amountToSubtract,unit)" />
        <added pattern="com.truu.platform.event.IdentityEvent.IdentityEvent(domainId,tuid,messageType,success,method,utcTime)" />
        <added pattern="com.truu.core.messaging.EventQueueManager.exists(queueName)" />
        <added pattern="java.time.LocalDate.minusDays(daysToSubtract)" />
        <added pattern="java.time.LocalDate.plusDays(daysToAdd)" />
        <added pattern="org.springframework.kafka.core.KafkaTemplate.send(topic,key,data)" />
        <added pattern="com.truu.platform.server.ApplicationProperties.ApplicationProperties(cluster,dataSource,messaging,notification,sentry,region)" />
        <added pattern="com.truu.platform.server.messaging.KafkaClientConsumer.KafkaClientConsumer(bootstrapServers,clientId,groupId,jksPassword,keystorePath,truststorePath,sslEnabled)" />
        <added pattern="org.springframework.kafka.test.utils.KafkaTestUtils.getCurrentOffset(brokerAddresses,group,topic,partition)" />
        <added pattern="org.springframework.security.oauth2.common.DefaultOAuth2AccessToken.DefaultOAuth2AccessToken(value)" />
        <added pattern="java.time.Instant.plus(amountToAdd,unit)" />
        <added pattern="org.springframework.security.oauth2.provider.OAuth2Request.OAuth2Request(requestParameters,clientId,authorities,approved,scope,resourceIds,redirectUri,responseTypes,extensionProperties)" />
        <added pattern="org.springframework.security.oauth2.provider.OAuth2Authentication.OAuth2Authentication(storedRequest,userAuthentication)" />
        <added pattern="com.truu.platform.server.client.ClientServices.getClient(clientId)" />
        <added pattern="com.truu.platform.server.client.ClientObject.ClientObject(clientId,credential,scopes,domainId,accessTokenValidity,created,version)" />
        <added pattern="com.truu.platform.server.client.Client.Versions.fromString(version)" />
        <added pattern="com.truu.common.crypto.EncodedPublicKey.EncodedPublicKey(algorithm,encodedKey)" />
        <added pattern="java.time.Duration.ofHours(hours)" />
        <added pattern="java.time.Duration.ofMinutes(minutes)" />
        <added pattern="java.time.OffsetDateTime.minusMinutes(minutes)" />
        <added pattern="java.net.URL.URL(spec)" />
        <added pattern="org.springframework.boot.test.web.client.TestRestTemplate.exchange(url,method,requestEntity,responseType,urlVariables)" />
        <added pattern="java.util.Map.of(k1,v1)" />
        <added pattern="com.truu.platform.server.enrollment.event.StartEnrollmentEvent.StartEnrollmentEvent(domainId,attributes)" />
        <added pattern="com.truu.platform.server.enrollment.services.EnrollmentServices.loadEnrollmentSteps(token,domainId,details)" />
        <added pattern="com.truu.platform.server.enrollment.statemachine.EnrollmentState.EnrollmentState(name,number,attributes,userState)" />
        <added pattern="com.truu.platform.server.enrollment.statemachine.EnrollmentStep.EnrollmentStep(name,number,attributes,userState)" />
        <added pattern="com.truu.platform.server.enrollment.services.EnrollmentConfigResource.getSteps(domainId,details)" />
        <added pattern="com.truu.platform.server.enrollment.engine.EnrollmentStep.EnrollmentStep(euid,name,number,attributes,userState)" />
        <added pattern="com.truu.platform.server.enrollment.engine.EnrollmentStep.EnrollmentStep(euid,enrollmentFlowId,name,number,attributes,userState)" />
        <added pattern="java.util.Optional.ifPresentOrElse(action,emptyAction)" />
        <added pattern="com.google.common.base.Preconditions.checkNotNull(reference,errorMessage)" />
        <added pattern="com.truu.platform.server.enrollment.model.EnrollmentFlowId.EnrollmentFlowId(euid,flowId,domainId)" />
        <added pattern="com.truu.platform.server.enrollment.EnrollmentResponse.EnrollmentResponse(euid,step)" />
        <added pattern="com.truu.platform.server.enrollment.EnrollmentStep.EnrollmentStep(name,number,config,type,entitlement,flow)" />
        <added pattern="com.truu.platform.server.enrollment.UserEnrollmentState.UserEnrollmentState(euid,domainId,flowId,number)" />
        <added pattern="java.lang.String.substring(beginIndex)" />
        <added pattern="retrofit2.Response.error(code,body)" />
        <added pattern="retrofit2.OkHttpCall.NoContentResponseBody.NoContentResponseBody(contentType,contentLength)" />
        <added pattern="com.github.tomakehurst.wiremock.client.ResponseDefinitionBuilder.withStatus(status)" />
        <added pattern="com.github.tomakehurst.wiremock.client.WireMock.configureFor(host,port)" />
        <added pattern="com.github.tomakehurst.wiremock.client.WireMock.urlPathEqualTo(testUrl)" />
        <added pattern="com.truu.core.client.RetryInterceptor.RetryInterceptor(retries)" />
        <added pattern="com.github.tomakehurst.wiremock.client.WireMock.verify(count,requestPatternBuilder)" />
        <added pattern="com.github.tomakehurst.wiremock.client.WireMock.urlEqualTo(testUrl)" />
        <added pattern="okhttp3.Request.Builder.addHeader(name,value)" />
        <added pattern="com.github.tomakehurst.wiremock.client.MappingBuilder.withHeader(key,headerPattern)" />
        <added pattern="com.truu.platform.server.DatabaseConfig.newDataSource(poolName,dataSourceProperties)" />
        <added pattern="java.util.Optional.orElse(other)" />
        <added pattern="com.truu.platform.server.enrollment.engine.AuditEnrollmentEngineDecorator.failure(euid,step,details,type,message)" />
        <added pattern="com.truu.platform.server.enrollment.engine.AuditEnrollmentEngineDecorator.success(euid,step,details,type)" />
        <added pattern="com.truu.platform.server.enrollment.engine.AuditEnrollmentEngineDecorator.failure(euid,flowId,step,details,type,message)" />
        <added pattern="com.truu.id.sdk.TruuAuth.usernameRequest(username,enforceBio,timeout,remoteAddr,userAgent,appName)" />
        <added pattern="org.forgerock.json.JsonValue.put(key,object)" />
        <added pattern="com.truu.platform.server.enrollment.EnrollmentStepConfig.EnrollmentStepConfig(allowedVerificationMethods,allowedVerifierEntitlements,authorizedVerifier,fallbackIfVerifiersEmpty)" />
        <added pattern="com.truu.platform.server.enrollment.EnrollmentFlow.EnrollmentFlow(name,flowId,domainId)" />
        <added pattern="org.forgerock.openam.utils.qr.GenerationUtils.getQRCodeGenerationJavascriptForAuthenticatorAppRegistration(elementId,textToEncode)" />
        <added pattern="com.truu.id.sdk.TruuAuth.anonymousRequest(enforceBio,timeout,remoteAddr,userAgent,appName)" />
        <added pattern="org.forgerock.openam.utils.qr.GenerationUtils.getQRCodeGenerationJavascript(elementId,textToEncode,versionNumber,errorCorrectionLevel)" />
        <added pattern="com.truu.forgerock.TruuQRCodeNode.getScriptAsString(scriptFileName)" />
        <added pattern="com.truu.platform.server.CacheConfig.cacheConfig(hours,duration)" />
        <added pattern="com.truu.core.cluster.ClusterCacheManager.Builder.addConfig(name,configSupplier)" />
        <added pattern="com.truu.platform.server.CacheConfig.CacheNames.cacheName(configName,cacheName)" />
        <added pattern="com.truu.id.sdk.TruuAuth.TruuAuth(apiKey,apiSecret,apiUrl,deepLinkUrl,baseServices)" />
        <added pattern="com.truu.id.sdk.TruuAuth.assignUserToIdentityRequest(username,requestId)" />
        <added pattern="javax.security.auth.callback.NameCallback.NameCallback(prompt)" />
        <added pattern="com.truu.forgerock.hook.CreatePersistentCookieTreeHook.setCookieOnResponse(cookieName,cookieValue,expiryDate,isSecure,isHttpOnly)" />
        <added pattern="com.truu.forgerock.hook.CreatePersistentCookieTreeHook.createCookie(name,value,domain,expiryDate,isSecure,isHttpOnly)" />
        <added pattern="javax.servlet.http.Cookie.Cookie(name,value)" />
        <added pattern="javax.security.auth.callback.NameCallback.NameCallback(prompt,defaultName)" />
        <added pattern="com.truu.core.ws.StompMessageClient.StompMessageClient(url,tokenSession,sessionHandler,taskExecutor,taskScheduler)" />
        <added pattern="com.truu.platform.oauth.AccessTokenSession.AccessTokenSession(tokenManager,clientCredentials,scope)" />
        <added pattern="org.springframework.web.socket.WebSocketHttpHeaders.add(headerName,headerValue)" />
        <added pattern="org.springframework.web.socket.messaging.WebSocketStompClient.connect(url,handshakeHeaders,handler,uriVariables)" />
        <added pattern="com.truu.core.ws.StompMessageClient.StompMessageClient(url,tokenSession,sessionHandler,taskExecutor,taskScheduler,enableSockJs)" />
        <added pattern="com.truu.core.ws.StompMessageClient.send(destination,message)" />
        <added pattern="com.truu.styxwsload.SimpleWsClient.connect(url)" />
        <added pattern="org.springframework.messaging.simp.stomp.StompSession.send(destination,payload)" />
        <added pattern="com.truu.forgerock.TruuQRCodeNode.sendCallbacks(context,secondPass)" />
        <added pattern="com.truu.common.UserDetail.UserDetail(domainId,tuid,userModelStatus,userModel,userInfo,entitlements)" />
        <added pattern="com.truu.core.ws.StompMessageClient.subscribe(topic,messageType,consumer)" />
        <added pattern="java.time.Duration.ofSeconds(seconds)" />
        <added pattern="com.truu.id.server.endpoint.message.Endpoint.Endpoint(deviceId,hostname,endpointType,osVersion,hostDetails)" />
        <added pattern="java.util.concurrent.CompletableFuture.orTimeout(timeout,unit)" />
        <added pattern="org.zapodot.junit.ldap.EmbeddedLdapRuleBuilder.usingDomainDsn(domainDsn)" />
        <added pattern="org.zapodot.junit.ldap.EmbeddedLdapRuleBuilder.importingLdifs(ldifFiles)" />
        <added pattern="com.unboundid.ldap.listener.InMemoryListenerConfig.createLDAPConfig(listenerName,listenAddress,listenPort,startTLSSocketFactory)" />
        <added pattern="com.unboundid.ldap.listener.InMemoryDirectoryServer.importFromLDIF(clear,path)" />
        <added pattern="com.truu.id.server.endpoint.message.IdentityStartRequest.IdentityStartRequest(identityRequest,ttl,suppressNotifications)" />
        <added pattern="java.util.List.remove(index)" />
        <added pattern="com.truu.id.server.endpoint.message.IdentityStartRequest.IdentityStartRequest(identityRequest,device,ttl,suppressNotifications)" />
        <added pattern="com.github.tomakehurst.wiremock.client.ResponseDefinitionBuilder.withBody(body)" />
        <added pattern="com.github.tomakehurst.wiremock.client.ResponseDefinitionBuilder.withHeader(key,values)" />
        <added pattern="groovy.json.JsonOutput.toJson(s)" />
        <added pattern="com.github.tomakehurst.wiremock.client.WireMock.equalTo(value)" />
        <added pattern="com.github.tomakehurst.wiremock.client.MappingBuilder.withQueryParam(key,queryParamPattern)" />
        <added pattern="java.time.LocalDate.of(year,month,dayOfMonth)" />
        <added pattern="com.truu.platform.server.enrollment.verification.model.TrackingId.valueOf(trackingId)" />
        <added pattern="retrofit2.Response.success(body)" />
        <added pattern="org.glassfish.jersey.media.multipart.ContentDisposition.ContentDisposition(header)" />
        <added pattern="retrofit2.Response.success(code,body)" />
        <added pattern="com.truu.id.server.riskengine.RiskEngineMessage.RiskEngineMessage(body)" />
        <added pattern="java.util.concurrent.ConcurrentHashMap.computeIfAbsent(key,mappingFunction)" />
        <added pattern="com.truu.platform.riskengine.RiskEngineMessage.RiskEngineMessage(body)" />
        <added pattern="com.truu.id.server.management.user.Try.onError(errorCallback)" />
        <added pattern="com.truu.id.server.management.user.Try.of(call)" />
        <added pattern="com.truu.id.server.management.user.Try.onErrorThrow(errorFn)" />
        <added pattern="org.apache.ignite.IgniteMessaging.localListen(topic,p)" />
        <added pattern="com.truu.id.server.directory.UserDirectoryService.getUser(username)" />
      </blacklist>
      <blacklist language="JavaScript">
        <added pattern="Document.getElementById(elementId)" />
        <added pattern="JSON.parse(text,reviver)" />
      </blacklist>
      <blacklist language="Groovy">
        <added pattern="com.truu.platform.server.messaging.IdentityMessageProcessorTest.newIdentityEventMsg(domainId,method,date)" />
        <added pattern="com.truu.platform.server.messaging.KafkaClientConsumerTest.newMessage(body)" />
        <added pattern="com.truu.platform.server.security.DomainTokenEnhancerTest.newAccessToken(value,scope)" />
        <added pattern="com.truu.platform.server.security.DomainTokenEnhancerTest.authentication(clientId,scope)" />
        <added pattern="com.truu.platform.server.security.DomainTokenEnhancerTest.client(clientId,domain,version)" />
        <added pattern="com.truu.platform.server.resource.ClientServicesResourceTest.client(clientId,domain)" />
        <added pattern="com.truu.platform.server.enrollment.engine.PersistentEnrollmentEngineTest.step(name,number)" />
        <added pattern="com.truu.platform.server.enrollment.engine.PersistentEnrollmentEngineTest.step(name,number,type)" />
        <added pattern="com.truu.platform.server.enrollment.services.RemoteEnrollmentServicesTest.step(name,number)" />
        <added pattern="com.truu.platform.server.enrollment.services.RemoteEnrollmentServicesTest.remoteStep(name,number)" />
        <added pattern="com.truu.platform.server.enrollment.services.DbEnrollmentServicesTest.newStep(name,number,domainId,flowId)" />
        <added pattern="com.truu.platform.server.enrollment.engine.AuditEnrollmentEngineDecoratorTest.newStep(name,number,domainId,flowId)" />
        <added pattern="com.truu.id.server.endpoint.TestDevice.identityRequestResolution(sessionId,resolutionType)" />
        <added pattern="com.truu.id.server.test.WireMockServer.configureFor(host,port)" />
      </blacklist>
    </blacklists>
  </component>
</application>