<keymap version="1" name="macOS copy" parent="Mac OS X 10.5+">
  <action id="ChoosePrevSubsequentPropertyValueEditorAction" />
  <action id="EditorCloneCaretAbove">
    <keyboard-shortcut first-keystroke="ctrl tab" />
  </action>
  <action id="EditorLookupUp" />
  <action id="EditorScrollUp">
    <keyboard-shortcut first-keystroke="meta up" />
  </action>
  <action id="Scala.ShowImplicits">
    <keyboard-shortcut first-keystroke="shift ctrl alt equals" />
    <keyboard-shortcut first-keystroke="shift ctrl alt add" />
  </action>
  <action id="SearchEverywhere.NavigateToPrevGroup">
    <keyboard-shortcut first-keystroke="page_up" />
  </action>
  <action id="ServiceView.JumpToServices">
    <keyboard-shortcut first-keystroke="alt home" />
  </action>
  <action id="ShowNavBar">
    <keyboard-shortcut first-keystroke="alt home" />
  </action>
</keymap>